{
    "url": "https://www.military.com/defensetech/2016/08/03/mv-22-osprey-with-3-d-printed-parts-takes-flight",
    "document_type": "NewsArticle",
    "title": "First MV-22 Osprey with 3-D Printed Parts Takes Flight",
    "content": "The first MV-22 Osprey with 3-D-printed parts recently took flight, the Navy announced.\n The aircraft made by Textron Inc.'s Bell Helicopter unit and aerospace giant Boeing Co. performed a hover during a July 29 demonstration at Patuxent River Naval Air Station in Maryland, the service said in a statement.\n The Osprey was equipped with a titanium link and fitting inside an engine nacelle, thus marking the \"first successful flight demonstration of a flight critical aircraft component built using additive manufacturing techniques,\" according to the Navy, which released on YouTube.\n %embed2%\n The historic test may pave the way for eventually helping to develop replacement parts in faster time and at less cost, officials have said.\n \u201cThat\u2019s where the Rosetta Stone is going to be,\u201d Rear Adm. (Sel.) Francis Morley, vice commander of Naval Air Systems Command, said earlier this year at the Navy League's Sea Air Space conference outside Washington, D.C., according to on our Military.com sister blog DoDBuzz by my colleague, Hope Hodge Seck.\n \u201cIf we can start manufacturing flight-critical components, now you\u2019re talking sustainment costs and speed and time; we have some really great opportunities to accelerate,\" he added.\n %embed1%\n While the Air Force and Marine Corps currently fly the Osprey, the Navy is working toward developing its own variant.\n The command in April awarded Bell-Boeing a $151 million contract to being working on the Navy-specific version, CMV-22B, which will be used to deliver gear and supplies to aircraft carriers. The service expects to receive its first Ospreys in 2020.",
    "date": "August 3, 2016"
}