{
    "url": "https://www.military.com/military-fitness/workouts/killer-combo-of-pyramids-and-5-min-sets",
    "document_type": "NewsArticle",
    "title": "Killer Combo of Pyramids and 5-Minute Sets",
    "content": "Finding a challenging workout that pushes the mind and body but allows you to rest when needed (both mentally and physically)\u00a0requires a fine line between pushing your maximum and overdoing it. Here is a workout that builds up quickly and peaks with several mental/physical challenges. \u00a0 10 push-ups/10 squats -- jog 200 meters, 20/20 push-ups/squats, jog 200m, 30/30 push-ups/squats, jog 200m ... up to 50/50 --\u00a0stretch and prepare for five-minute sets below: \u00a0-- Do each exercise in any order you prefer\u00a0and try to keep moving as best you can. Rest when needed, but the time does not stop for your set if you have to rest. The goal is to see how many reps you can get of each of the exercises below in a total of five minutes (rest included). Cooldown -- Reverse Pyramid/Run 50 push-ups/50 squats -- run 200m, 40/40 push-ups/squats, run 200m, 30/30 push-ups/squats, run 200m ... down to 10/10 Run three\u00a0miles or swim 500m 200m fast Rest with one-minute tread/float or bottom bounce. Enjoy the challenge. You will see big improvements in your PT scores (push-ups, pull-ups, sit-ups) to get \u00a0the training, as well as other challenging exercises seen when you are going \u00a0the training. Related article -- Whether you're thinking of joining the military, looking for fitness and basic training tips, or keeping up with military life and benefits, Military.com has you covered. to have military news, updates and resources delivered directly to your inbox.",
    "date": "March 31, 2017"
}