{
    "url": "https://www.military.com/education/gi-bill/gi-bill-correspondence-training.html",
    "document_type": "NewsArticle",
    "title": "GI Bill Correspondence Training",
    "content": "Correspondence training differs from distance learning in that you receive lessons in the mail. You have a certain amount of time to complete and return the lessons for a grade. Payment amounts are made quarterly after VA receives certification of lessons completed from the school. For the Post-9/11 GI Bill, VA reimburses the lesser of the net actual costs for in-state tuition and fees the maximum amount allowed by law.\u00a0 For all other GI Bill recipients, VA will reimburse 55% of the approved costs. Whether you need a guide on how to use your GI Bill, want to take advantage of tuition assistance and scholarships, or get the lowdown on education benefits available for your family, Military.com can help.\u00a0 \u00a0to have education tips and benefits updates delivered directly to your inbox.",
    "date": "July 31, 2015"
}