{
    "url": "https://www.military.com/money/personal-finance/it-time-revisit-your-tax-strategy.html",
    "document_type": "NewsArticle",
    "title": "Is it Time to Revisit Your Tax Strategy?",
    "content": "In recent months, there's been a lot of talk about taxes. More specifically, there has been much discussion of the potential for tax increases as well as the reality of an expansion of the child tax credit. More than a century before income taxes were a part of the fabric of American life, Benjamin Franklin wrote that \"nothing is certain but death and taxes.\" While I agree that taxes are a certainty, the how, when, who and how much of them is ever-changing. Does your current approach to taxes match today's new normal? Here are six questions to ask as you do your own self-assessment. Good, bad, angry or mad, no matter how you react emotionally to the changing tax landscape, it's still important to have a well thought-out plan. In parting, keep in mind some wise words from the late Ann Landers -- \"A person doesn't know how much they have to be thankful for until they must pay taxes on it.\"",
    "date": "August 12, 2021"
}