{
    "url": "https://www.military.com/daily-news/2021/07/04/putin-oks-revised-russian-national-security-strategy.html",
    "document_type": "NewsArticle",
    "title": "Putin OKs Revised Russian National Security Strategy",
    "content": "MOSCOW (AP) \u2014 Russian President Vladimir Putin has approved a revised version of Russia\u2019s national security strategy that envisages \u201csymmetrical and asymmetrical measures\u201d in response to foreign states' \u201cunfriendly actions that threaten the sovereignty and territorial integrity\u201d of Russia. Putin signed a decree approving the strategy on Friday, according to the Kremlin website. The 44-page document was published Saturday on a government website and outlined Russia's national interests and priorities. It stated that \u201cactions of some countries are aimed at instigating disintegration processes in the Commonwealth of Independent States in order to destroy Russia\u2019s ties with its traditional allies,\" and claimed that \"a number of states call Russia a threat and even a military adversary.\u201d Russia remains committed to using political and diplomatic means to resolve international and national conflicts, the document read. At the same time, Moscow \u201cconsiders it legitimate to take symmetrical and asymmetric measures\u201d to thwart and prevent \u201cunfriendly actions\" by foreign states that \"threaten the sovereignty and territorial integrity of the Russian Federation.\u201d Russia\u2019s relations with the U.S. and its allies have been at post-Cold War lows over Moscow\u2019s 2014 annexation of Ukraine\u2019s Crimean Peninsula, accusations of Russian interference in U.S. elections, hacking attacks and other events. Earlier this week Putin described as a \u201cprovocation\u201d a June 23 incident in the Black Sea in which Russia said one of its warships fired warning shots and a warplane dropped bombs in the path of Britain\u2019s HMS Defender to force it from an area near Crimea that Moscow claims as its territorial waters. Britain, which like most other nations does not recognize Russia\u2019s 2014 annexation of Crimea, insisted the Defender wasn\u2019t fired upon and said it was sailing in Ukrainian waters. \u201cIt was clearly a provocation, a complex one involving not only the British but also the Americans,\u201d Putin said Wednesday during his annual televised call-in show, charging that a U.S. reconnaissance aircraft that took off from the Greek island of Crete was operating in concert with the British ship to monitor the Russian military\u2019s response to the British destroyer. The Russian leader lamented that the incident closely followed his summit with U.S. President Joe Biden in Geneva. \u201cThe world is undergoing a radical change,\u201d he said. \u201cOur U.S. partners realize that, and that\u2019s why the Geneva meeting took place. But on the other hand, they are trying to secure their monopolist stance, resulting in threats and destructive action such as drills, provocations and sanctions.\u201d",
    "date": "July 4, 2021"
}