{
    "url": "https://www.military.com/money/retirement/second-retirement/9-steps-for-retirement-planning.html",
    "document_type": "NewsArticle",
    "title": "9 Steps to Begin Retirement Planning",
    "content": "The ebb and flow of the U.S. economy has made retirement saving without a plan difficult. If you do not have an Individual Retirement Account, Thrift Savings Plan or any other type of retirement saving\u00a0vehicle, then it's time to start planning for your future. Here are nine retirement planning tips from : Most of these rules fall under the common sense category, but if you remember to adhere to these simple savings strategies, retirement will be the best time of your life. For more information about retirement or savings, visit the . Whether you're trying to balance your budget, build up your credit, select a good life insurance program or are gearing up for a home purchase, Military.com has you covered. and get the latest military benefit updates and tips delivered straight to your inbox.",
    "date": "June 9, 2011"
}