{
    "url": "https://www.military.com/defensetech/2011/07/17/dt-video-antonov-an-124-airlifter",
    "document_type": "NewsArticle",
    "title": "DT Video: Antonov An-124 Airlifter",
    "content": "Hope you guys are enjoying your weekend so far. Check out this DT video tour of one of the world's most commonly used heavy airlifters; the Soviet-designed and Ukranian-built Antonov An-124 Ruslan.\n The civil-operated An-124s are frequently chartered by the Pentagon to transport when the U.S. Air Force's strategic lifters aren't available. \n More than 40 of the birds are in service around the globe operated by the Russian air force and several private companies around the globe.\n Check out the picture of an An-124 (the second biggest cargo jet on earth after the six-engined An-225) swallowing the fuselage of a massive Airbus A380 superjumbo to get a sense of just how massive the Ukranian jet is:",
    "date": "July 17, 2011"
}