{
    "url": "https://www.military.com/defensetech/2011/06/08/russia-joins-nato-counter-terror-exercise-for-first-time",
    "document_type": "NewsArticle",
    "title": "Russia Joins NATO Counter terror Exercise for First Time",
    "content": "This is interesting; NATO and Russian air forces conducted their first ever joint counter-terrorism exercise\u00a0this week. It gets even better considering the fact that of all NATO air forces, it was the former Warsaw Pact turned NATO member Polish air force that was actually flying an air intercept mission with their Russian counterparts during the Vigilant Skies '11 air defense\u00a0exercise\u00a0over the Black Sea and Poland.\n From AFP:\n \"This was the first time in history when there was co-operation between Russian and NATO fighters in this kind of a scenario,\" NATO exercise director Czech Colonel Petr Mikulenka told reporters in Warsaw. The\u00a0exercise\u00a0continued today with three Turkish F-16s and two Russian Sukhois slated to intercept a rogue plane over the Black Sea, according to the article.\n What's next, legit cooperation on missile defense?",
    "date": "June 8, 2011"
}