{
    "url": "https://www.military.com/daily-news/2021/12/27/nearly-25-of-navy-warship-crew-has-covid-19.html",
    "document_type": "NewsArticle",
    "title": "Nearly 25% of Navy Warship Crew Has COVID-19",
    "content": "WASHINGTON \u2014 About two dozen sailors on a warship \u2014 or roughly 25% of the crew \u2014 have now tested positive for COVID-19, keeping the ship sidelined in port at Monday, according to U.S. defense officials. The USS Milwaukee has a crew of a bit more than 100, and it was forced to pause its deployment late last week because of the . The defense officials, who spoke on condition Monday of anonymity to discuss details of the outbreak, said that the number of infected sailors is staying relatively constant at this point. The USS Milwaukee, a smaller, more stealthy combat ship, is staying in port at Naval Station Guantanamo Bay. It is the first Navy ship this year to have to interrupt its deployment at sea \u2014 others were sidelined during the early months of the virus outbeak last year. It began its deployment from Naval Station Mayport in Jacksonville, Fla., on Dec. 14, and had stopped for a scheduled port visit. The ship was heading into the U.S. Southern Command region. The Navy said in a statement Friday that the ship\u2019s crew is \u201c100% immunized\u201d and that all of those who tested positive for COVID-19 were being isolated on the ship away from other crew members. The Navy has declined to release the number of infected sailors. The officials said Monday that the Navy believes the total vaccination of the crew is the key factor in controlling the outbreak. According to the Navy's statement, \u201ca portion\u201d of those infected are having mild symptoms, and that the specific variant is not yet known. COVID-19 cases have surged across the country as a result of the highly contageous omicron variant. The first major military outbreak of the virus was early last year on a Navy warship, the USS Theodore Roosevelt, an aircraft carrier that was operating in the Pacific. The Roosevelt was sidelined in Guam for nearly two months, and more than 1,000 of the 4,800 crew members tested positive. One sailor died, and the entire crew went through weeks of quarantine in a rotation that kept enough sailors on the ship to keep it safe and running. According to the latest data released by the Navy, more than 98% of all active-duty sailors have been fully vaccinated.",
    "date": "December 27, 2021"
}