{
    "url": "https://www.military.com/dodbuzz/2016/10/18/b-21-long-range-strike-bomber",
    "document_type": "NewsArticle",
    "title": "Former B-2 Pilot to Air Force: Forget Drone Bombers",
    "content": "A professor and retired pilot is calling on the to design the B-21 Long Range Strike Bomber solely as a manned aircraft. \"You want somebody up there in that cockpit,\" retired Col. Melvin Deaile said. \"You want Capt. 'Sully' Sullenberger if something happens up there, if something goes wrong -- you're going to want somebody up there who's going to save that aircraft,\" he added, referring to the iconic US Airways pilot who made a water landing on the Hudson River in 2009. Deaile, now an associate professor at the Air Command and Staff College, spoke Tuesday during an aerospace event on Capitol Hill in Washington, D.C., celebrating the 15th anniversary of the B-2's -- from to Afghanistan and back. The event was hosted by . \"If something goes wrong, you want at least two people there to handle this machine,\" he said. \"You're going to want someone who can put eyes on a target\" during a mission to verify a location and correct the coordinates before bombs are dropped, he added. The event also included former B-2 pilots Col. Brian Neal, vice commander of the 482nd Fighter Wing, Air Force Reserve Command; Maj Gen. Jim Dawkins, deputy director for nuclear, homeland defense and operations at the Joint Staff; Col. Tony Cihak, director of flight operations, Liberty University School of Aeronautics; retired Col. Chad Stevenson, director of the national leadership command capability management office, Office of the Secretary of Defense; and former group commander of the 509th Bomber Wing, retired Brig. Gen. Jonathan George. The former pilots and commanders didn't disagree with Deaile. The sentiments coincide with the Air Force's preference to keep the future B-21 Long Range Strike Bomber, or LRS-B, a warm-bodied mission. However, service leaders have requested the Northrop Grumman Corp.-manufactured aircraft be given to be unmanned. Speaking at the Air Force Association's annual Air, Space & Cyber Conference near Washington, D.C., last month, Gen. Robin Rand, commander of Air Force Global Strike Command, said, \"We're planning on being manned.\" that the $550 million long-range strategic bombers would work with other supporting systems that would be unmanned. But even though the possibility of an optionally manned Raider exists in the future, Rand suggested there might be benefit to keeping a human pilot intrinsic to the system. \"If you had to pin me down, I like the man in the loop -- the pilot, the woman in the loop -- very much,\" he said of the B-21 Raider, \"particularly as we do the dual-capable mission with the nuclear weapons. \"From \u00a0an unmanned point of view, it's a basic requirement stated,\" he said. \"The question is, what's the right timing to bring that level of capability together with this type of platform.\" Air Force leaders selected Raider as the new long range strike bomber\u00a0name in honor of the Doolittle Raiders after the service launched\u00a0 of its service members. \u00a0 Paying homage to the inspiration for the name, Air Force Secretary Deborah Lee James asked World War II veteran Richard E. Cole, a 101-year-old retired lieutenant colonel and the last surviving \"Doolittle Raider,\" to make .",
    "date": "October 18, 2016"
}