{
    "url": "https://www.military.com/daily-news/2019/05/09/1-marine-dead-6-hurt-camp-pendleton-vehicle-rollover.html",
    "document_type": "NewsArticle",
    "title": "1 Marine Dead, 6 Hurt in Camp Pendleton Vehicle Rollover",
    "content": "A Marine has died and six others are injured after their rolled over during a training event on Thursday. The , assigned to 1st Light Armored Reconnaissance Battalion, were training at , California, when the accident occurred at about 9 a.m. \"This is a tragic event and our thoughts are with the family, friends and the unit at this difficult time,\" 1st Lt. Cameron Edinburgh, a spokesman for 1st Marine Division, said in a statement. Officials have not released the identity of the Marine killed in the crash, pending family notification. The six hurt in the incident were evacuated to a local hospital, Edinburgh said. Their injuries were not serious, he said. The cause of the accident is under investigation. No additional information about the incident has been released. Staff Sgt. Joshua Braica, a critical skills operator with 1st Marine Raider Battalion, was killed at Camp Pendleton last month when his rolled over.",
    "date": "May 9, 2019"
}