{
    "url": "https://www.military.com/money/personal-finance/2019/12/04/holiday-season-take-gifting-down-notch.html",
    "document_type": "NewsArticle",
    "title": "This Holiday Season Take the Gifting Down a Notch",
    "content": "It's hard not to get caught up in the excitement of the holidays -- often to your own financial detriment. At least, that's my experience. My wife will unhappily testify it. And the challenge of staying within your financial guardrails doesn't go away when the kids are out of the house. Oh, those grandkids ... In the spirit of enjoying the holidays without too much financial damage, test out these five tactics that can help keep you on track. These ideas may allow you to, as my wife is fond of telling me, \"take it down a notch\": Happy holidays, and best of luck as you take it down a notch.",
    "date": "December 4, 2019"
}