{
    "url": "https://www.military.com/join-armed-forces/join-reserve-marines.html",
    "document_type": "NewsArticle",
    "title": "Joining the Marine Corps Reserve",
    "content": "The United States\u00a0 Reserve consists of highly trained individuals that can be mobilized for active duty in time of war, national emergency or contingency operations.Over the past eight decades, Reserve Marines regularly have operated alongside the active component in two World Wars, Korea, Vietnam, Desert Shield/Storm and Enduring and Iraqi Freedom. If you are interested in enlisting in the Marine Corps Reserve, you must: The Marine Corps Reserve offers four drill status options. These options let you decide on the amount of time spent in the active Reserves and in the Individual Ready Reserve (IRR). -- A drill consists of two days of training per month. Your will be adjusted automatically for cost-of-living increases. You'll get pay increases for every two years of accumulated service and may earn special duty pay. To calculate your drill pay, visit the . -- Annual training in the Marine Corps Reserve is held for two weeks per year. Depending on the unit and your specialty, you could be stationed at a shore location, with an aviation squadron or aboard ship. -- Depending on your eligibility, the GI Bill\u00a0allows you to attend school full time while serving in the Reserve and get full tuition and stipends, in addition to your Reserve paycheck and any other Reserve educational benefits you may be eligible to receive. For more on the GI Bill for Reservists, go to the . -- Members of the Reserve can take advantage of free College Level Examination Program tests (CLEP). For every test you pass on a particular subject, you earn three transferable college credits. You can pursue college and university independent study courses through the Defense Activity for Non-Traditional Educational Support (DANTES) as a member of the Reserve. The program is comprised of nearly 2,000 colleges and universities nationwide, which help service members transfer credits from school to school and get college credits for military training and experience. -- As a member of the Marine Corps Reserve, you will have the opportunity to travel on duty and off. You also qualify for military space-available travel within and between the continental United States, Alaska, Hawaii, Guam and Puerto Rico. For more on military travel options and benefits, see the . -- The Marine Corps Reserve provides comprehensive medical care while on duty. You also qualify for low-cost life insurance. For more on these and other benefits, visit the . -- Members of the Marine Corps Reserve with at least six years of service are eligible to apply for the Home Loan Guaranty program. For more on this program, go to the . -- As a member, you can access all recreational facilities on military bases such as gyms, tennis courts and libraries. You and your family can enjoy unlimited access shopping at any Military Exchange nationwide. Marine Corps Reserve members and their families are entitled to use base commissaries. We can put you in touch with recruiters from the different military branches. Learn about the benefits of serving your country, paying for school, military career paths and more:\u00a0 and hear from a recruiter near you.",
    "date": "May 7, 2012"
}