{
    "url": "https://www.military.com/benefits/veteran-benefits/the-pre-discharge-program-for-disability-compensation.html",
    "document_type": "NewsArticle",
    "title": "The Pre-Discharge Program for Disability Compensation",
    "content": "The is a joint VA and DOD program that let you file a claim for up to 180 days prior to separation or retirement from active duty or full time National Guard or Reserve duty (Titles 10 and 32). The VA says that people who use the Pre-Discharge program can expect to receive a decision on their claim within one day of their separation, and their first payment within 90 days of separation. For more information see our page. Military benefits are always changing. Keep up with everything from pay to health care by , and get access to up-to-date pay charts and more with all latest benefits delivered straight to your inbox.",
    "date": "August 10, 2011"
}