{
    "url": "https://www.military.com/veteran-jobs/career-advice/military-transition/translating-your-military-skills-video.html",
    "document_type": "NewsArticle",
    "title": "Video Tips: Translating Your Military Skills",
    "content": "Military members have a hard time translating the skills acquired in the military for jobs in the civilian market. Terry Howell, author of the Military Advantage, says find a skills translator. To see what civilian jobs your skills translate to, visit the .",
    "date": "March 7, 2013"
}