{
    "url": "https://www.military.com/military-fitness/ask-stew/ask-stew-running-weekends",
    "document_type": "NewsArticle",
    "title": "Ask Stew: Running Weekends",
    "content": "Out of all the emails I receive, the most common ones are definitely about running. This includes how to progress, how to get faster, how to run longer without stopping, and how to avoid injury. All of these topics are common issues we either have or have had over the years with running. Whether you are a sprinter trying to run a \"long distance\" 1.5 mile timed run, or you are a beginner to fitness and trying to run your first mile non-stop, these common issues will never go away. Here is a unique question about running while only having a limited time to train during the week / weekends: Brandon - Great question. YES, you can, but you may not have that great of a foundation for the daily runs required at your police academy. This could lead to injuries. However, if you are not overweight, have good running form, and are not susceptible to lower extremity injuries, your chances are better at being able to get through the runs at your academy. Focus on your pace to reach both goals when you run. Check out this running article: \u2013 do what you can.\n\nIt is unlikely you will be running 20+ miles per week at your academy, but you may run daily even if just going to and from different training evolutions. So is daily running necessary? No, BUT if you can get in a few days during the week of even 15 minutes of running (before work or after work) it will help with the running foundation more. With the long days of summer (sunlight from 5am-9am) in most places of the U.S., this is the perfect time to get a little extra credit running under your belt. Just consider it building a base of cardio that will allow you to keep the miles short but fast.\n\nI find that if I take too many days away from cardio training (run, bike, swim, etc.) it is like I am starting all over again. You can take a week off of strength training and typically come back stronger. But if you take a week off from running, (for me) it is like I have never run before.\n\nIt is possible to get through your training program with running only a few days a week, but your risk future injury if you have other issues you are dealing with (weight, poor running form, etc.).\n\n \n\n to help with post running / leg PT soreness\n \n \n \nA fun running article \u2013 \n\nGood luck and thanks for serving your community.\nStew",
    "date": "June 29, 2016"
}