{
    "url": "https://www.military.com/daily-news/2014/02/27/air-force-program-rare-bright-spot-in-sex-assault-fight.html",
    "document_type": "NewsArticle",
    "title": "AF Program Rare Bright Spot in Sex Assault Fight",
    "content": "After she was raped, she had to describe the attack time after humiliating time in interviews \u2014 with investigators, prosecutors, victim advocates and defense attorneys. Authorities seized her cell phone and were combing through her life, making inquiries about her mental health records and asking about her sexual history. Investigators were contacting her friends and associates. No one was telling her anything about the status of the case. It\u2019s not an unusual scenario for sexual assault victims in the military. So when one young airman who\u2019d undergone similar treatment and was beginning to despair was told that she could be provided with a lawyer to represent her \u2014 not the Air Force, not the command, just her \u2014 in a program called the Special Victims\u2019 Counsel, she was skeptical. \u201cI honestly felt like it would be just one more person for me to bear my soul to for no avail,\u201d the airman later wrote in a letter to the SVC. But that\u2019s not what happened. In a military justice system designed to promote good order and discipline, with traditionally few concerns about victims\u2019 rights, her SVC asked her what she wanted. He advised the airman, who is not named according to Stars and Stripes policy and whose identification was in any case redacted in her letter, provided by the Air Force. He guided and fought for her. \u201cYou\u2019ve been strong when I felt weak, capable when I was disarmed, and wise when I was bewildered,\u201d she wrote in the letter after the accused was convicted. \u201cI will be forever grateful.\u201c Air Force officials say the SVC program, now operating for a year, has been a singular success in aiding victims and restoring confidence in the criminal justice system. Those goals have been elusive in the services, despite nearly a decade of initiatives: victim advocates, sexual assault response coordinators, restricted reporting, more training for investigators and prosecutors. But SARCs and victims\u2019 advocates are not legally trained, and, for all their victim support, work essentially for the command. Prosecutors, likewise, work for the Air Force. Sympathetic or not, their duty is to prosecute and win cases. Further, they can\u2019t give victims legal advice, such as telling them they don\u2019t have to answer an improper question from a defense attorney. SVCs, on the other hand, are duty-bound to work for no one but the victim, just as defense attorneys work for the accused. \u201cI make them feel that they\u2019re not being pushed around by the system, that their rights are being respected,\u201d said Capt. Aaron Kirk, at Lackland Air Force Base, Texas. \u201cI give them back some sense of control.\u201d Six months after the program was begun as a pilot in January 2013, 392 victims of sexual assault \u2014 all are treated as victims, not \u201calleged\u201d victims \u2014 had requested an SVC, after hearing about the program from a victim advocate or through outreach efforts. In a survey of 27 victims whose cases were concluded, 94 percent said they were extremely satisfied with the advice and support their SVC provided, according of September evaluation of the program. Victims said they were satisfied with their SVCs even though SVCs were unable to travel to meet with clients in person, working over the phone or in teleconferences and sometimes not until late in the process.",
    "date": "February 27, 2014"
}