{
    "url": "https://www.military.com/spouse/relationships/ms-vicki-naive-about-pornography.html",
    "document_type": "NewsArticle",
    "title": "Ms. Vicki: Naive About Pornography?",
    "content": "Pornography is a topic that incites a lot of emotions from readers. When I published my , I got a mixed reaction from our readers. Some said that it ruined their lives while others admitted that it has help to save their marriage or relationship. I won\u2019t be judgmental of anyone\u2019s position on this topic, but take a look at some of the recent responses below: You are so na\u00efve if you think that people will be able to solve every problem by talking to a counselor or a therapist ... pornography is therapy and it\u2019s cheaper! I am very sad for the wife who recently wrote about her husband's pornography addiction and how it has impacted their marriage. Over the years, I have seen many military families suffer and sometimes end from a husband's use of pornography. My advice to couples is to not allow it into your home and not use it as a \"substitute\" during deployments. I have heard both husbands and wives say it is better than visiting prostitutes in port or having an affair while away. However, that kind of thinking is a slippery slope and can hinder the process of living as committed partners again after a homecoming. There is a great deal of research about how viewing this material changes brain functioning and not for the better. The line between fantasy and reality becomes blurred and neither husband nor wife can measure up to the images and performances they watch. In truth, no one can because it isn't real. Treat your home, marriage and intimacy as sacred space and do not bring a third party in, no matter the form that third party may take. There are many resources and specialists who are trained to help individuals and couples free themselves from the harmful effects of pornography use and I hope this husband gets help soon, When my husband is deployed for months and months I would rather for him to get his computer or watch a video and go for it instead of hooking up with some other woman downrange. There's nothing wrong with watching a flick to relieve some stress. It\u2019s fine with me! What in the world am I supposed to do with all of my pinned up stress and frustration when my woman is not available? Women are here to serve men. Why do you think they keep the camera on the women in these videos? Why do you think the videos with women on women or a woman alone in a video sells more? Because it sells! Capitalism! Porn is not going anywhere; it will be here until the end of time. Get used to it! People are afraid to talk about pornography, even though it\u2019s nobody\u2019s business what we do in our private lives. But as we know, \u201cWhat\u2019s done in the dark will come to the light.\u201d Why can\u2019t we depend on each other in our relationships and not all of the outside interferences like videos, computers, cell phones etc.? The only advice I can give to young couples who want to view pornography to spice up their love life is: DON\u2019T. My wife and I never had to resort to that type of conduct whatsoever, and we soon will celebrate our 60th wedding anniversary. We have two grown sons in their 50s, and can be thankful that when we leave this Earth as we know it, that we leave with our reputation and morals intact. Clearly there are differing opinions on this topic, just like all topics. But Ms. Vicki does have something to say about pornography if you're ready to listen.\u00a0 For the latest military news and tips on military family benefits and more, and have the information you need delivered directly to your inbox.",
    "date": "November 30, 2012"
}