{
    "url": "https://www.military.com/veteran-jobs/military-transition/tap-pre-separation-briefing-what-expect.html",
    "document_type": "NewsArticle",
    "title": "TAP Pre-Separation Briefing: What to Expect",
    "content": "What can you expect when you transition out of the military? Offered in five parts, the Transition Assistance Program (TAP) is designed to help you and your family get ready for civilian life. Just what is included in this program and how it is delivered is a matter of both law and set by policy. The Defense Department and -- for the -- the Department of Homeland Security were ordered by Congress to give transitioning service members a revamped program starting in late 2019. The second of the five TAP steps is the pre-separation briefing. Like the first step, the initial counseling, step two is required in most cases to be completed no later than 365 days from your final out date. The briefing is just that -- a classroom setting briefing. Officials also encourage to attend the briefing, although the ability to do so is determined on a space-available basis. If you designated a caregiver during your step one initial counseling, your caregiver is permitted to attend with you as a priority or, in some cases, may attend on your behalf. The pre-separation briefing is a complete rundown of your transition and veteran benefits, including education assistance, using your , employment help and medical benefits. You'll also be given information about financial planning, VA home loans, mental health support and creating a transition plan. The briefing includes information from the Defense Department, the Department of Labor and the . \u00a0 Step One: Step Three: Step Four: Step Five: \u00a0 Whether you want to polish your resume, find veteran job fairs in your area or connect with employers looking to hire veterans, Military.com can help. to have job postings, guides and advice, and more delivered directly to your inbox.",
    "date": "October 2, 2019"
}