{
    "url": "https://www.military.com/benefits/tricare/tricare-open-enrollment.html",
    "document_type": "NewsArticle",
    "title": "Don't Forget: Tricare Open Enrollment for 2022 Runs Nov. 8 to Dec. 13",
    "content": "Tricare open enrollment, also known as Tricare open season, begins Nov. 8 and runs through Dec. 13, 2021. Open enrollment (or open season) is the time each year when you can make changes to your for the following year. Open season runs every year from the Monday of the second full week in November to the Monday of the second full week in December. While most civilians are familiar with insurance open seasons, this will be only the second year that Tricare has offered one to consumers. The Tricare open season was created by Congress to bring Tricare enrollment more in line with traditional healthcare plans, which restrict when and how users can freely change plans to a certain time of year. Outside of the annual open enrollment period, active duty and retiree users can only change if they experience a . Those include a move, the birth of a baby or Tricare directed change in primary care provider. :\u00a0 . That means women who think they might want to have a baby next year and want to switch to a Tricare program with better prenatal coverage should consider switching coverage during this year's open season. During open season, you can enroll in a new Tricare plan or change your coverage. Any changes you make to your Tricare coverage during open season will be effective for 2022. Open season does not apply to , , , or . The Federal Employees Dental and Vision Insurance Program (FEDVIP) during the same dates. Want to know about changes in military benefits as they happen? to get the latest benefits news delivered directly straight to your inbox.",
    "date": "December 3, 2018"
}