{
    "url": "https://www.military.com/daily-news/2021/08/10/chinese-russian-militaries-hold-drills-northwest-china.html",
    "document_type": "NewsArticle",
    "title": "Chinese, Russian Militaries Hold Drills in Northwest China",
    "content": "BEIJING\u00a0\u2014 Chinese and Russian military forces are engaged in joint exercises in northwestern China as ties grow between the two autocratic states amid uncertainty over instability in Afghanistan. The exercises involving ground troops and air forces are due to continue through Friday in the Ningxia Hui Autonomous region. The region borders on Xinjiang, where China has detained more than 1 million Uyghurs and members of other Muslim minorities in what it calls a campaign against terrorism and extremism. Xinjiang shares a narrow frontier with Afghanistan, and Beijing is concerned about violence spilling over its border if the Taliban take control in the country following the pullout of U.S. troops. While not part of a formal alliance, Russia and China have aligned their military and foreign policies largely in opposition to those of the U.S. and its allies. The official Xinhua News Agency said the exercises began Monday and were presided over by Li Zuocheng, a member of the ruling Communist Party's Central Military Commission. The exercise aims to \u201cdeepen the joint anti-terrorism operations between the Chinese and Russian militaries and demonstrate the firm determination and strength of the two countries to jointly safeguard international and regional security and stability,\" Xinhua said, citing Chinese and Russian officials. \u201cIt reflects the new height of the China-Russia comprehensive strategic partnership of coordination for a new era and of the strategic mutual trust, pragmatic exchanges and coordination between the two countries,\" Xinhua said. Russia has backed China in its claim to virtually the entire South China Sea, over which Beijing clashed with common rival the U.S. on Monday at a high-level U.N. Security Council meeting on maritime security. China, Taiwan and ASEAN members Brunei, Malaysia, the Philippines and Vietnam have overlapping claims in the disputed waters and have been locked in increasingly tense territorial standoffs for decades. China built seven disputed reefs into missile-protected island bases in recent years, ratcheting up tensions with rival claimants, along with the United States and its allies. U.S. Secretary of State Antony Blinken responded to China\u2019s increasingly assertive claims to the strategic waterway by warning that any conflict there or in any ocean \u201cwould have serious global consequences for security and for commerce.\u201d The area has seen \u201cdangerous encounters between vessels at sea and provocative actions to advance unlawful maritime claims\u201d that seek to \u201cintimidate and bully other states lawfully accessing their maritime resources,\u201d Blinken said. China\u2019s deputy ambassador, Dai Bing, responded by accusing the U.S. of becoming \u201cthe biggest threat to peace and stability in the South China Sea\u201d and calling its \u201chype\u201d in the Security Council \u201centirely politically motivated.\u201d China has refused to recognize an international arbitration ruling in 2016 that invalided most of its claims in the South China Sea.",
    "date": "August 10, 2021"
}