{
    "url": "https://www.military.com/spouse/relationships/ms-vicki-how-can-i-find-my-missing-service-member.html",
    "document_type": "NewsArticle",
    "title": "How Can I Find My Missing Service Member?",
    "content": "I've been married to my military husband for almost nine years. The problem is that before we had been\u00a0married a year, he got sent to South Korea. The time apart made us grow apart.\u00a0 I have tried to contact him because I need help, but he always shuts me down. I've tried with the Inspector General, but it only causes me problems. I have no idea where he is and no way to contact him besides Facebook and email. I even think he has another family. I have no ID card, and I don't know what else to do. I haven't seen him physically in over seven years. I'm just helpless. Girlfriend, what in the world is so romantic about being married for almost nine years and not seeing him for seven years? This doesn't sound right. I'm confused as to why you want to see him now. Obviously, you have lived a separate life from your husband for a very long time. I want to believe that you miss your husband and you want to make your marriage work, especially since you said you are a helpless, hopeless romantic. You will have to use every resource you can to locate your husband. If you do want to get in touch with him, I suggest you should try these five things. At this point, your husband may or may not be on active duty.\u00a0 If you have his Social Security number and birth date, you can request a certificate verifying active-duty status from the . There is no central locating service for military members. The , and provide their own locator services.\u00a0You can find contacts for those services . The no longer provides this service. Surely you know at least one family member, right? You could contact his parents, siblings, cousins or close friends from his past. Contact them and ask them where he is. A credit report will definitely have some contact information on it. You can never hide from Equifax, TransUnion and Experian. If your husband is married to someone else when he is not divorced from you, this would make him a bigamist. Bigamy is illegal. After seven years apart, I'm 99 percent sure your marriage is over. The chances of getting back together and rekindling a marriage after being separated with no contact for such a long time like this are\u00a0slim to none. If you could, please keep in touch with me and let me know what happens in your search. For the latest military news and tips on military family benefits and more, and have the information you need delivered directly to your inbox.",
    "date": "January 22, 2015"
}