{
    "url": "https://www.military.com/undertheradar/2015/06/putins-military-disneyland",
    "document_type": "NewsArticle",
    "title": "Putin's 'Military Disneyland'",
    "content": "Vladimir Putin attended the Tuesday opening of Patriot Park, a military theme park located about an hour outside of Moscow in Kubinka. Described as a \"military Disneyland\" in a , Patriot Park serves Russian Army rations at the food stands, the souvenir shops are filled with Putin memorabilia and kids can play with grenade launchers and climb over tanks.\n \n Putin was taking part in \"ARMY-2015,\" a sort of Russian military trade show designed to show off the nation's military innovations and technical prowess.\n \n On the scene for the big day were members of the notorious pro-Putin biker gang the Night Wolves, who made when they drove\u00a0the\u00a03,700-mile path of the Red Army across Eastern Europe to Berlin to mark the 70th anniversary of Russia\u2019s victory in World War II (known locally as the Great Patriotic War).\n Alexander Zaldostanov, the gang leader\u00a0known as the Surgeon, was on site at\u00a0Patriot Park\u00a0on the\u00a0first day and said, \"When I look at all this stuff it makes me feel proud of\u00a0Russia\u00a0and realize that we have something to answer the Americans with. They wouldn't dare to press the button.\u00a0In Soviet times the army was a distant, faraway thing, but now we all feel closer to the army. The army is being romanticized and I see that as a good thing. If we don\u2019t educate our own children then America will do it for us \u2026 like we have seen in Ukraine.\" The park is just in its first stages, but the Army will spend 20 billion rubles ($376 million) before it's completed in 2017. There will be hotels and campgrounds so Russian families can take a true vacation while visitors\u00a0ride tanks, shoot guns and play extreme sports. The describes some of the souvenirs available to guests: A stall sold fridge magnets depicting Russian and Soviet figures including Putin, Joseph Stalin and Lavrenty Beria, one of Stalin\u2019s most notorious henchmen. Vending machines dispensed army-branded water, and shops sold iPhone cases, T-shirts, sweatshirts and bomber jackets branded with either Putin\u2019s face or slogans extolling victory in the second world war. %embed1% So, should the Pentagon open its own theme park? Is America falling behind the Russians in the miltary entertainment sector? Let us know what you think in the comments.",
    "date": "June 18, 2015"
}