{
    "url": "https://www.military.com/daily-news/2013/09/24/marines-take-food-service-into-the-field.html",
    "document_type": "NewsArticle",
    "title": "Marines Take Food Service into the Field",
    "content": "CAMP LEATHERNECK, Afghanistan -- There\u2019s nothing glamorous about it. While servicemembers rest on Forward Operating Base Shir Ghazi, Afghanistan, three Marines toil into the evening to prepare the next day\u2019s rations \u2013 a thankless job. The three cooks at Shir Ghazi are part of a group of 19 food service specialists with Combat Logistics Regiment 2, Regional Command (Southwest), who support operational units throughout Helmand province. \u201cWe knew coming out here it was going to be all day every day,\u201d said Gunnery Sgt. Morris Mayfield, a New Orleans native and facilities and mess chief for CLR-2. \u201cDespite having limited resources, they come up with pretty creative menus to try and offer a different variety to enhance what they have.\u201d The isolated nature of bases in the province forced the food-service crews to operate self-sufficiently. Teams of two or three Marines forecast their resource requirements, plan out every meal, order supplies, cook, serve and repeat. They endure this daily marathon in small field kitchens across the province. \u201cAt a minimum you\u2019re looking at about 18-hour days,\u201d said Mayfield. \u201cOur Marines have actually taken it up another notch. They\u2019re actually running operations. CLR-2 came out as a support unit, but they have taken over at each [base].\u201d The teams generally consist of a noncommissioned officer and an enlisted Marine who must adapt to whatever they\u2019re given. They also must maintain their own equipment and tackle services normally handled by a larger staff. There are no days off or meals missed. \u201cThere\u2019s no two ways about it,\u201d said Mayfield. \u201cIn 30 or 40 minutes, somebody will come through that door, and they want to eat.\u201d Their work often goes unnoticed, but the food service specialists perform an essential mission for Marine units in the field. They meet the nutritional requirements for servicemembers conducting operations throughout the province and contribute to morale by providing a diversified diet, noted Mayfield. Adventurous crews have expanded their menus to include the occasional plate of lobster, shrimp scampi and even ice cream. They studied their patrons and adapted menus to meet their interests. \u201cWe\u2019re doing things outside the normal state of what we are tasked to do,\u201d added Mayfield. \u201cIt\u2019s not just the food service part. It\u2019s what I have always preached to them.\u201d Meal times allow servicemembers to come together. It is a moment to sit down, unwind and bond, said Mayfield. \u201cYou can\u2019t come out here and perform your job if you don\u2019t have the proper nutrition, and sometimes a hot meal will push you a little further,\u201d said Mayfield. \u201cJust the simple fact that instead of opening a carton they can come in and feel like a normal, everyday person and sit down to a balanced meal is huge.\u201d They\u2019re work allows units to function away from modern comforts for extended periods of time. It also looks out for the welfare of every Marine in the field. \u201cI don\u2019t believe there is a [specialty] out there that can boast they do this day in and day out, 365 days a year, seven days a week, three times a day for however many people come through that door,\u201d said Mayfield. \u201cIt\u2019s a testament to the Marines.\u201d",
    "date": "September 24, 2013"
}