{
    "url": "https://www.military.com/money/personal-finance/4-cant-miss-holiday-deals-worth-missing.html",
    "document_type": "NewsArticle",
    "title": "5 Can't-Miss Holiday Deals Worth Missing",
    "content": "f it\u2019s too good to be true\u2026 You\u2019ve probably heard that cautionary phrase so many times you can finish it yourself \u2026 \u201cit probably is.\u201d That may be because it offers a safe way to approach the world and stay out of trouble. Now, with the holidays upon us, it\u2019s probably a phrase you\u2019ll want to keep top of mind, especially when you\u2019re confronted with these \u201copportunities\u201d retailers and lenders may throw your way: Are these options always too good to be true? I can\u2019t say for certain, but I do know they come with the potential for danger. Instead, check out about some in safe ways. So, this year make sure you look before you leap \u2013 into trouble. This article was originally published at . Whether you're trying to balance your budget, build up your credit, select a good life insurance program or are gearing up for a home purchase, Military.com has you covered. and get the latest military benefit updates and tips delivered straight to your inbox.",
    "date": "November 26, 2014"
}