{
    "url": "https://www.military.com/benefits/veteran-benefits/homeless-veterans-programs.html",
    "document_type": "NewsArticle",
    "title": "Homeless Veterans Programs",
    "content": "Are you, or a veteran you know at risk of becoming homeless? VA has many benefits and services to assist homeless veterans.\u00a0 One-third of adult homeless men and nearly one-quarter of all homeless adults have served in the armed forces. It has been estimated that more\u00a0than 200,000 veterans may be homeless on any given night and that twice as many veterans experience homelessness during a year. Many other veterans are considered at risk because of poverty, lack of support from family and friends and precarious living conditions in overcrowded or substandard housing.\u00a0 Veterans who are homeless or at imminent risk of homelessness are strongly encouraged to contact the National Call Center for Homeless Veterans at (877) 4AID-VET (877-424-3838) for assistance. Those without access to a phone or internet should visit their closest VA medical center\u00a0 VA has several programs to help veterans who are homeless, or at risk of becoming homeless. operates at 133 sites, where extensive outreach, physical and psychiatric health exams, treatment, referrals and ongoing case management are provided to homeless veterans with mental health problems, including substance abuse. This program assesses more than 40,000 veterans annually. provides medical care and rehabilitation in a residential setting on VA medical center grounds to\u00a0veterans disabled by medical or psychiatric disorders, injury or age and who do not need hospitalization or nursing home care. The program has more than 1,800 beds at 34 sites. Besides offering medical care and shelter, the program offers physical\u00a0screening and assessment; vocational counseling and rehabilitation; and post-discharge community support. is provided by designated staff members who serve as coordinators and points of contact for homeless veterans. There is a homeless coordinator at every VA office and medical center. They\u00a0provide outreach services and help expedite the processing of homeless veterans' claims. The program also allows homeless veterans who have no fixed address or bank to receive their benefit payments.\u00a0 makes properties VA obtains through foreclosures on VA home loans available for sale to homeless providers at a discount. \u00a0\nThrough its CWT and TR programs, VA offers structured work opportunities and supervised therapeutic housing for at-risk and homeless veterans with physical, psychiatric and substance abuse disorders. VA contracts with private industry and the public sector for work by these veterans, who learn new job skills, re-learn successful work habits and regain a sense of self-esteem and self-worth. Veterans are paid for their work and, in turn, make a payment toward maintenance and upkeep of the residence. \u00a0a program that gives\u00a0formerly homeless veterans job\u00a0opportunities at VA cemeteries. , a joint program with the Department of Housing and Urban Development (HUD), provides permanent housing and ongoing treatment to homeless mentally ill veterans and those suffering from substance abuse disorders.\u00a0 The program places homeless veterans into\u00a0Section 8 housing. allows VA personnel to help homeless veterans secure long-term transitional or permanent housing.\u00a0 are one-to three-day events that provide homeless veterans a variety of services and allow VA and community-based service providers to reach more homeless veterans. Stand downs give homeless veterans a temporary refuge where they can obtain food, shelter, clothing and a range of community and VA assistance. In many locations, stand downs provide health screenings, referral and access to long-term treatment, benefits counseling, ID cards and access to other programs to meet their immediate needs.\u00a0 provides federal excess personal property, such as clothing, footwear, sleeping bags, blankets and other items, to homeless veterans. This program also\u00a0employs formerly homeless veterans to receive, warehouse and ship these goods to homeless programs across the country that assist veterans. provides grants to help public and nonprofit organizations establish and operate new supportive housing and service centers for homeless veterans. Grant funds may also be used to purchase vans to conduct outreach or provide transportation for homeless veterans. (Community Homelessness Assessment, Local Education and Networking Groups) for Veterans is a nationwide initiative in which VA works with other federal, state and local agencies and nonprofit organizations to assess the needs of homeless veterans.\u00a0 : If you, or a veteran you know, are at risk of homelessness contact VA\u2019s National Call Center for Homeless Veterans at 877-4AID-VET (877-424-3838) or e. Military benefits are always changing. Keep up with everything from pay to health care by , and get access to up-to-date pay charts and more with all latest benefits delivered straight to your inbox.",
    "date": "August 10, 2011"
}