{
    "url": "https://www.military.com/defensetech/2016/12/29/air-force-launches-6-9-billion-jstars-competition",
    "document_type": "NewsArticle",
    "title": "Air Force Launches $6.9 Billion JSTARS Competition",
    "content": "The has kicked off an open contest to build new radar planes capable of developing, detecting, locating and tracking moving targets on the ground.\n The service on Wednesday released a development request for proposal, or RFP, for the Joint Surveillance and Target Attack Radar System (JSTARS) Recapitalization program, intended to replace the current Northrop Grumman-modified . \n The award stipulates $6.9 billion for the engineering, manufacturing and development phase, the Air Force said in a release. The RFP includes all aspects of the system, including airframe, radar, communication systems, and battle management command and control. \u00a0\n The Air Force anticipates awarding the contract, including the first three JSTARS recap test aircraft, in 2018; it expects the first \"assets\" to reach initial operational capability \"by the fourth quarter of fiscal year 2024, or earlier,\" the release states. \n The airborne command and control plane, a modified Boeing 707-300 series commercial airframe that can fly as high as 42,000 feet, is \"extensively remanufactured and modified with the radar, communications, operations and control subsystems,\" including a prominent 27-foot bathtub-like radome under the fuselage. The radome \"houses the 24-foot long, side-looking phased array antenna,\" according to the Air Force.\n The service currently has 16 of the aircraft in inventory.\n Boeing Co., Northrop Grumman Corp., and Lockheed Martin Corp. . Risk reduction efforts also are underway with Northrop Grumman and Raytheon for radar construction.\n Each of the contractors is allowed to submit two proposals with Northrop-made and Raytheon-made radars, reported. \n Congress handed down guidelines in the 2017 National Defense Authorization Act requiring the Air Force to work only with a fixed-price contract -- locking in a price and putting the company on the hook for cost overruns. Yet the NDAA also made a provision for the defense secretary \"to waive this limitation if the Secretary determines such a waiver is in the national security interests,\" the release states.\n Defense Department acquisition chief Frank Kendall granted the waiver on behalf of Defense Secretary Ash Carter on Dec. 23.\n \"We realize intelligence, surveillance and reconnaissance is currently a combatant commander top priority. Given the language in this year's defense policy bill, we took additional time before releasing the JSTARS request for proposal,\" Air Force Secretary Deborah James said in a statement Wednesday. \u00a0\n \"With the support of the Department on the importance of JSTARS to national security, we are moving out to deliver this critical ISR capability. We will continually look for ways to speed up the process towards initial operational capability,\" she said. \n The waiver allows the Air Force to work with both a fixed-price and cost-plus estimate contract strategy, Defense News said. \n The Air Force plans to buy 17 new aircraft.\n Recently, The New York Times' Eric Schmitt put a spotlight on JSTARS, detailing the aircraft's aerial hunting capabilities. The modified airliner's first flight was in support of Operation Desert Storm in 1991.\n Schmitt, over Iraq as and Air Force crews watched movements by Islamic State militants, said, \"[The] rotation of aircraft and surveillance crews can monitor a particular area for days, weeks or months, watching Islamic State activity to understand what the military calls the enemy's 'pattern of life.' \"\n Unlike or drones, electronic attack aircraft such as the , and reconnaissance aircraft such as and JSTARS \"suck up some enemy communications, jam others and help paint a picture of the Islamic State on the ground for American fighters and bombers to attack,\" Schmitt said.",
    "date": "December 29, 2016"
}