{
    "url": "https://www.military.com/kitup/2011/10/first-look-neptunic-technologies-from-shark-suits-to-next-generation-protective-materials.html",
    "document_type": "NewsArticle",
    "title": "Revolutionary Protective Materials: From Shark Suits to Next Generation Protection",
    "content": "I am a small equity owner in this company and while I'm personally sold on the technology/viability, you guys can judge for yourselves. Feel free to ask questions and I'll answer to the best of my ability. Neptunic has several ongoing projects with DoD that are publicly available and a lot of interest from the US SOCOM community.\u00a0 The material applications are endless.\u00a0 An example: combat clothing that resists penetration from slow moving hot metal fragmentation from Improvised Explosives is a big potential use for their materials.\n The founder of Neptunic, started experimenting with combinations of synthetic material blends originally intended to withstand the bite of a Great White Shark. He is definitely the Mad Scientist behind the technology and believes more in what works in the real world as opposed to a lab when it comes to R&D. The company has a great opportunity to revolutionize several markets and I'm excited to see what happens next.\n Click the following link for a really cool materials demo: \n The patented \"NTI Hot Glove\" pictured below started out its life as an Army development for a Machine Gunners glove that could be used to swap hot barrels.\u00a0 It has since morphed into a\u00a0 multipurpose tactical glove that could be used for fast rope ops and other tactical applications.\u00a0 Historically you had to rely on putting two gloves to fast rope with and this created a hassle and the extra step of transitioning to a ready gun.\u00a0 Not the case with this glove, rope out and hit the ground ready to rock. I personally participated in the R&D and did several 80' ropes successfully with very little heat transfer.\u00a0 Let me know what you guys think...\n \n NTI Hot Glove NTI Prototype Combat Shirt",
    "date": "October 22, 2011"
}