{
    "url": "https://www.military.com/daily-news/2021/10/04/russia-test-fires-new-hypersonic-missile-submarine.html",
    "document_type": "NewsArticle",
    "title": "Russia Test-Fires New Hypersonic Missile from Submarine",
    "content": "MOSCOW \u2014 A prospective Russian hypersonic missile has been successfully test-fired from a nuclear submarine for the first time, the military said Monday. The Russian Defense Ministry said the Zircon missile was launched from the Severodvinsk submarine and hit a designated mock target in the Barents Sea. The launch marked Zircon's first launch from a submarine. It previously has been repeatedly test-fired from a navy frigate, most recently in July. Russian President Vladimir Putin has said Zircon would be capable of flying at nine times the speed of sound and have a range of 1,000 kilometers (620 miles). Putin has emphasized that its deployment will significantly boost Russian military capability. Officials said Zircon's tests are to be completed later this year and it will be commissioned by the Russian navy in 2022. Zircon is intended to arm Russian cruisers, frigates and submarines. It is one of several hypersonic missiles under development in Russia. The Kremlin has made modernizing the country\u2019s arsenals a top priority amid the tensions with the West that followed Russia\u2019s 2014 annexation of Ukraine\u2019s Crimean Peninsula.",
    "date": "October 4, 2021"
}