{
    "url": "https://www.military.com/daily-news/2014/09/11/opponents-say-obama-will-need-ground-troops-against-isil.html",
    "document_type": "NewsArticle",
    "title": "Opponents Say Obama Will Need Ground Troops Against ISIL",
    "content": "WASHINGTON \u2014 Conservatives pushed back Thursday against President Barack Obama's contention that the United States can stabilize Iraq without committing U.S. troops to a ground combat role in the country. In a speech to the nation Wednesday night, Obama outlined a strategy that called for increased U.S. air attacks in support of Iraqi forces, coupled with increased training of the Iraqi military. The president said 475 additional troops would be sent to support the more than 1,000 others already on the ground in noncombat roles. The chairman of the House Armed Services Committee, Rep. Buck McKeon, R-Calif., dismissed what he called Obama \"minimalist\" plan to the defeat Islamic State insurgents with the focus on air power. McKeon predicted that even in an advisory role, U.S. troops would likely end up in the thick of the fighting and would ultimately need to more, including fighting alongside Iraqi units, helping them with logistics and communications, and aiding in holding ground taken from the Islamic State, group also known by the acronyms ISIL and ISIS. \"American boots will be standing on sand. Americans will be shot at, and they will be shooting back,\" McKeon said in prepared remarks to an audience at the American Enterprise Institute, a conservative Washington think tank. \"There's simply no other way to do this.\" He noted that U.S. reliance on airpower alone in the NATO campaign against the late Moammar Gadhafi had failed to bring stability once the Libyan leader was gone. \"We tried that in Libya, and it hasn't worked,\" he said. Pentagon press secretary Rear Adm. John Kirby told reporters Thursday that the 475 advisers due to be sent to Iraq in coming days would embed with local troops at brigade level and higher headquarters, and would not engage in operations such as accompanying troops on combat operations or calling in airstrikes from the battlefield. James Carafano, a former officer and security scholar at the conservative Heritage Foundation, said Obama is right to avoid sending entire divisions back into Iraq. But the plan he has laid out is too stingy with troops, Carafano said. \"Conceptually, you look at the plan and you can live with that,\" he said. \"But you have to look at what's underneath. With the president you get the sense he's saying, 'I don't want to be accused of doing nothing, and I don't want to be accused of being Bush, and a neocon.\" The president is clearly avoiding \"mission creep,\" Carafano said. But too few U.S. troops at the beginning of American's war to destroy ISIS actually creates a risk of mission creep, he said. \"This is reminiscent of how we got involved in Vietnam,\" he said. \"[Ex-President Lyndon B.] Johnson didn't want to be accused of being soft on communism, and he didn't want to get in too deep. As the situation developed, he just kind of got progressively dragged in.\" But national security analyst Anthony Cordesman of the Center for Strategic and International Studies argued against more U.S. ground troops, writing in an a paper Thursday that whatever the tactical needs, the United States' hands are tied by a number of factors. \"The United States has no domestic political support for deploying its own ground combat units,\" Cordesman wrote. \"It would take months to deploy and organize a major land force presence to cover the large areas involved, and U.S. ground troops would walk into Iraqi and Syrian civil wars where they would almost inevitably be seen as favoring one side and being seen as an enemy by the other.\"",
    "date": "September 11, 2014"
}