{
    "url": "https://www.military.com/daily-news/2021/12/12/uk-warns-russia-of-severe-cost-of-ukraine-incursion.html",
    "document_type": "NewsArticle",
    "title": "UK Warns Russia of 'Severe' Cost of Ukraine Incursion",
    "content": "LIVERPOOL, England (AP) \u2014 British Foreign Secretary Liz Truss said Sunday that \u201cthe world\u2019s largest economies are united\u201d in warning Russia that an invasion of Ukraine would have \u201cmassive\u201d \u2014 though largely undisclosed \u2014 consequences. Russia\u2019s military buildup near the Ukrainian border has dominated talks among foreign ministers from the Group of Seven wealthy democracies in the English city of Liverpool. The U.S. and its NATO and G-7 allies worry that the movement of Russian troops and weapons to the border region could be precursor to an invasion, and have vowed to inflict heavy sanctions on Russia\u2019s economy if that happens. Moscow denies having any plans to attack Ukraine and accuses Kyiv of its own allegedly aggressive designs. Truss, who discussed the crisis with U.S. Secretary of State Antony Blinken and other G-7 diplomats, said the group was sending a \u201cpowerful signal to our adversaries and our allies.\u201d \u201cWe\u2019ve been clear that any incursion by Russia into Ukraine would have massive consequences for which there would be a severe cost,\u201d she said at a news conference on the final day of the weekend meeting. Top diplomats from the G-7 nations \u2014 the U.K., the United States, Canada, France, Germany, Italy and Japan \u2014 are likely to deliver a stern warning to Moscow as part of their conclusions to the conference later Sunday. It\u2019s less clear how much detail they will give about the measures they might take. When it comes to economic sanctions, Truss said the G-7 was \u201cconsidering all options.\u201d A senior U.S. official who participated in the G-7 discussions said the ministers were united in their \u201cextreme concern\u201d about developments on the Russia-Ukraine border and agreed on the need for strong measures that could be implemented \u201cvery, very fast\u201d if Russia did not heed warnings to back down. The U.S. and its allies have played down talk of a military response to defend Ukraine, with efforts focusing on tough sanctions that would hit the Russian economy, rather than just individuals. In the U.S., reporters asked President Joe Biden on Saturday about the possibility of sending combat troops to Ukraine, and he said that idea was never considered. \u201cAre you ready to send American troops into war and go into Ukraine to fight Russians on the battlefield?\u201d he said. Biden said he has made it clear to Putin that in the event of an invasion, \u201cthe economic consequences for his economy are going to be devastating. Devastating.\u201d China\u2019s muscle-flexing in the Indo-Pacific region and the ailing Iran nuclear deal were also on the agenda for the weekend meeting at the dockside Museum of Liverpool. Getting a unified response from the G-7, a group of countries with disparate interests, has often proved tough. Germany plans on getting gas from Russia soon through the contentious Nord Stream 2 pipeline, which bypasses Ukraine. Britain, which is not dependent on Russian gas, generally takes a tougher line on the pipeline \u2014 but faces tough questions about London\u2019s financial district and property market, both hubs for Russian money. U.K. bank and financial authorities have long been criticized for allegedly turning a blind eye to ill-gotten gains, but Truss insisted Britain has \u201cvery strong anti-corruption and anti-money laundering rules.\u201d G-7 nations are also increasingly concerned about China\u2019s growing economic and technological dominance, especially in developing countries. The G-7 has launched a \u201cBuild Back Better World\u201d initiative to offer developing nations funding for big infrastructure projects as an alternative to money from China that, the West argues, often comes with strings attached. Truss said the G-7 was \u201cconcerned about the coercive economic policies of China.\u201d \u201cAnd what we want to do is build the investment, reach the economic trade reach of like-minded, freedom loving democracies,\u201d she said. \u201cThat is why we are stepping up our investment into low- and middle-income countries.\u201d A unified stance towards China continues to prove elusive, however, with the U.S. and Britain generally more hawkish than other G-7 members. ___ AP Diplomatic Writer Matthew Lee contributed to this story.",
    "date": "December 12, 2021"
}