{
    "url": "https://www.military.com/military-fitness/air-force-basic-training/air-force-pre-boot-camp-workout",
    "document_type": "NewsArticle",
    "title": "Air Force Pre-Boot Camp Workout",
    "content": "Here is the Air Force's recommended workout schedule. It's designed to prepare you for the rigors of basic training and help you to get the most out of it. We recommend that you work out at least 3-5 times per week, and at least six weeks before basic military training (BMT). \u00a0For your health and safety, we recommend that you consult with your doctor before beginning any physical fitness regimen. Complete the following in one session 3-5 times a week: 5-minute stretch/warmup 2-minute sit-up/push-up intervals 5-minute walk 1-minute jog 5-minute walk 1-minute jog 3- to 5-minute walk 2-minute stretch Complete the following in one session 3-5 times a week: 5-minute stretch/warmup 2-minute sit-up/push-up intervals 5-minute walk 3-minute jog 5-minute walk 3-minute jog 3- to 5-minute walk 2-minute stretch Complete the following in one session 3-5 times a week: 5-minute stretch/warmup 2-minute sit-up/push-up intervals 4-minute walk 5-minute jog 4-minute walk 5-minute jog 3- to 5-minute walk 2-minute stretch Complete the following in one session 3-5 times a week: 5-minute stretch/warmup 4-minute sit-up/push-up intervals 4-minute walk 5-minute jog 4-minute walk 5-minute jog 3- to 5-minute walk 2-minute stretch Complete the following in one session 3-5 times a week: 5-minute stretch/warmup 4-minute sit-up/push-up intervals 4-minute walk 6-minute jog 4-minute walk 6-minute jog 3- to 5-minute walk 2-minute stretch Complete the following in one session 3-5 times a week: 5-minute stretch/warmup 4-minute sit-up/push-up intervals 4-minute walk 7-minute jog 4-minute walk 7-minute jog 3- to 5-minute walk 2-minute stretch Complete the following in one session 3-5 times a week: 5-minute stretch/warmup 6-minute sit-up/push-up intervals 4-minute walk 8-minute jog 4-minute walk 8-minute jog 3- to 5-minute walk 2-minute stretch Complete the following in one session 3-5 times a week: 5-minute stretch/warmup 6-minute sit-up/push-up intervals 4-minute walk 9-minute jog 4-minute walk 9-minute jog 3- to 5-minute walk 2-minute stretch Complete the following in one session 3-5 times a week: 5-minute stretch/warmup 4-minute sit-up/push-up intervals 4-minute walk 13-minute run 3- to 5-minute walk 2-minute stretch Complete the following in one session 3-5 times a week: 5-minute stretch/warmup 4-minute sit-up/push-up intervals 4-minute walk 15-minute run 3- to 5-minute walk 2-minute stretch Complete the following in one session 3-5 times a week: 5-minute stretch/warmup 2-minute sit-up/push-up intervals 4-minute walk 17-minute run 3- to 5-minute walk 2-minute stretch Complete the following in one session 3-5 times a week: 5-minute stretch/warmup 2-minute sit-up/push-up intervals 1-minute walk 17-minute run 3- to 5-minute walk 2-minute stretch Complete the following in one session 3-5 times a week: 5-minute stretch/warmup 2-minute sit-up/push-up intervals 2-minute walk 2-minute jog 17-minute run 3- to 5-minute walk 2-minute stretch Complete the following in one session 3-5 times a week: 5-minute stretch/warmup 2-minute sit-up/push-up intervals 3-minute jog 17-minute run 3- to 5-minute walk 2-minute stretch Stew Smith will teach you to develop your own personal workout routine. PT programs to train for the Air Force fitness test can be found in the following Military.com links: Related video Other related Air Force fitness-related articles Whether you're thinking of joining the military, looking for fitness and basic training tips, or keeping up with military life and benefits, Military.com has you covered. to have military news, updates and resources delivered directly to your inbox.",
    "date": "July 1, 2014"
}