{
    "url": "https://www.military.com/education/money-for-school/5-ways-to-help-manage-your-student-debt-load.html",
    "document_type": "NewsArticle",
    "title": "5 Ways to Help Manage Your Student Debt Load",
    "content": "Student debt is a ticking time bomb that threatens to derail many young adults' financial futures. \u00a0Outstanding student debt reached a record $1.16 trillion at the end of 2014, according to the Federal Reserve Bank of New York. That's more than the amount owed on all the credit cards in the country \u2014 or all the auto loans. \u00a0Even more disturbing, more than one in 10 student loans is delinquent. \u00a0Missing student-loan payments can make it difficult, if not impossible, to buy a car or home due to the impact on your credit score, and delinquency can make other debt more expensive. What's more, filing for bankruptcy usually doesn't wipe out student loans. \u00a0These steps can help you better manage your student loans:",
    "date": "July 17, 2015"
}