{
    "url": "https://www.military.com/military-fitness/health/cardio-vs-resistance",
    "document_type": "NewsArticle",
    "title": "Cardio vs. Resistance",
    "content": "If you are like a majority of the people who exercise regularly, often the question of what do you do first is discussed. Should you start with cardio workouts (running, swimming, biking, cardio machines at the gym) or resistance training workouts ( or PT). This article will discuss that question on several different levels. What combination is best for the following common exercise goals: - Fat Metabolism\n- Muscular Strength Gains\n- Overall Health\n- Fitness Test Training To optimally burn stored fat, you need to take into consideration nutrition and understand how the body uses food for energy.\u00a0To burn fat at optimal levels you need to be primed with water (not dehydrated), and you need to have used up most of your glycogen stores (blood sugar energy - a.k.a. carbs). So, lifting weights or doing high reps PT workouts is ideal for burning up the glycogen stores as resistance training is metabolizes your sugar stores. After about 20-30 minutes of resistance training, you should be ready to burn fat at a higher rate during your cardio workout providing you keep the heart rate in fat burning zone (use the Karvonen Formula or just run at the rate where you are just able to converse with minor discomfort). You have to also consider what you ate prior to exercise. Did you eat a lot of carbs? If so, it may take longer to get into fat burning mode, but you will have plenty of energy to lift weights! As a former power lifter, I thought a mile run was a long distance and every now and then I would run to the gym and try to lift only to be burned out and unable to hit many of my previous high weight reps. Cardio activity burns a lot of calories fast. In fact, you can burn up to 300-500 calories in half and hour if you are really pushing it. Also, your glycogen stores can be lowered significantly and your body will try to make more glycogen out of fat, muscle, and remaining sugar in the body. If you like to do cardio first, that is fine. You can get used to it, but it usually requires rest periods and some sort of sugar/electrolyte replacement drink to help you through the workout. prior to working out cardio first/resistance second is a must. In fact, you should combine protein rich foods and carbs like fruit to give you the energy needed to get through the workouts. Better yet, just lift first if you want to be strong and supplement your lifting with some cardio workouts for overall health and fat metabolizing. An goal will consist of fat reduction, lean muscle mass gains, and cardio vascular function. So, you need to do both aerobic activity like walking or running and anaerobic activity like weight lifting and calisthenics. For optimal health results, you should mimic fat reduction method of resistance first/cardio second. Many studies have shown that increased cardio function, fat loss, and lean muscle gains can be accomplished by lifting first then running. In fact, improved cholesterol blood counts can be gained by cardiovascular first and resistance second. You can see much of these health improvements by doing cardio or resistance only, but to optimize your health performance and prevent illnesses such as diabetes, hypertension, hyperlipidemia, and other illnesses.\u00a0P.S. if you smoke, you should stop. Smoking does not help at all with overall health gains. Like I needed to tell you that. Most have a strength component first (pushups, situps, pull-ups) and then a cardio component (running, swimming, even biking). So, it is beat to train the way you test. Resistance/PT first followed by cardio workouts. The difference between fitness test training and the above goals, is that you will be mostly anaerobic throughout the test and given a few minutes to recover for the next exercise. Once again, nutrition is vital to acing fitness tests.\u00a0 In fact, pre-carb loading a few hours prior to the fitness test and a steady dose of carbohydrate replacement will help energy levels throughout your test.\u00a0 Some tests are different and may have cardio at the front and back ends of the test. Find out what works for you by testing the nutrition prior to and after workouts and playing with the order of your workouts. The best bet is to remember to \"Train the Way You Play\".",
    "date": "July 1, 2014"
}