{
    "url": "https://www.military.com/daily-news/2017/08/16/its-time-change-names-bases-honor-confederate-traitors.html",
    "document_type": "NewsArticle",
    "title": "Opinion: Time to Change Names of Bases Honoring Confederate Traitors",
    "content": "After hearing that white nationalists were gathering in Charlottesville this past weekend to protest the removal of a statue of Robert E. Lee, I was disgusted. The issue hit way too close to home. Before enlisting in the , I attended a high school in my hometown of Baytown, Texas, named after \" .\" I attended a junior college down the street that was named after him as well. Its mascot was a Confederate flag-toting \"Rebel.\" I never really thought much of it, considering Confederate flags were damn-near ubiquitous in the South. At least\u00a0 \u00a0in Texas were named after him, and others still that had Rebels as their mascot. This seemed totally ordinary growing up. It wasn't until after I studied history in college and grad school on the that I realized just how troubling it was to name an American school after him. \"Treason against the United States,\" the Constitution tells us, consists \"only in levying war against them.\" If your definition of a \"traitor\" doesn't include Robert E. Lee, it doesn't include anyone. But\u00a0 \u00a0was doubly toxic: His was an organization that levied war against the United States to keep human beings in bondage for no other reason that the color of their skin. I discussed these feelings with a few people I grew up with and got the typical rebuttals: \"The war wasn't about slavery, it was about state's rights.\" Or \"The flag isn't about racism, it's about Southern pride.\" Both excuses are bull----. The Civil War was fought to preserve the institution of slavery, and any pride in that flag is inextricably linked to the band of traitors who rebelled against the United States to keep black human beings in bondage.\u00a0 , the first among Confederate states; the word \"slave\" appears 18 times. Lest you think my position is just a product of liberal college brainwashing,\u00a0 \u00a0of Army Col. Ty Seidule, the head of West Point's history department, breaking it down for you. And though paying homage to traitors is pervasive in the South --\u00a0 \u00a0there are named for former Confederate officers -- the problem isn't exclusive to southern states by any means. Last June, Democratic Rep. Yvette Clark of New York called on the Department of the Army to re-christen two streets on Fort Hamilton in Brooklyn that are named after Lee and fellow traitor Thomas Jonathan \"Stonewall\" Jackson. The Army\u00a0 . Honoring these treasonous men isn't just inappropriate; it sets a dangerous precedent whose ramifications are being felt today. Not only does keeping \"rebel\" names on monuments and places normalize the disgusting beliefs they fought for, it fuels hatred and violence that is felt to this day -- with no more clear example than\u00a0 \u00a0that took place in Charlottesville, Virginia, last weekend. If we continue to honor men who committed treason, or held beliefs that are counter to the ideals that this country has striven to achieve, then we shouldn't be surprised to see the Confederate flag waving,\u00a0 , next to another sinister symbol of hate: the swastika, an icon of yet another inhuman militant force that the United States has had beat in war. Our country is by no means perfect. I'll be the first to admit it -- especially as an historian. When the Harlem Hellfighters came home after their storied deployment during World War II, they were met with Jim Crow segregation. When the Navajo Code Talkers did the same, they faced the same oppression their people had already endured for hundreds of years. The same story is true of more than half a million Jews who served honorably during World War II; those who survive today still see Nazi flags being waved -- but it's 2017 now, and this is America. That s--- has got to stop. Countless women and men have served this country honorably in the face of adversity and excelled against insurmountable odds. It should not be controversial to honor them, rather than disloyal citizens willing to take up arms against the country that provided them with the freedom to display their repugnant beliefs. Furthermore, it is incredibly irresponsible for the to demand its soldiers swear an oath to defend our country's constitution against all enemies, foreign\u00a0 \u00a0domestic, while simultaneously paying homage to the idols of one of its largest domestic threats. To do so at a time when \"the FBI and the Department of Homeland Security\" just recently \"warned that\u00a0 \u00a0over the past 16 years and were likely to carry out more attacks over the next year\" is incomprehensible.",
    "date": "August 16, 2017"
}