{
    "url": "https://www.military.com/daily-news/2019/12/04/seal-and-marine-raider-accused-murdering-green-beret-go-trial-next-year.html",
    "document_type": "NewsArticle",
    "title": "SEAL and Marine Raider Accused of Murdering Green Beret to Go on Trial Next Year",
    "content": "A and Marine Raider charged with murder in connection with the death of Staff Sgt. Logan Melgar will face a general court-martial this spring, the has announced. The trial for Navy Chief Special Warfare Operator Tony E. Dedolph, who is accused of placing Melgar in a chokehold until he died, is expected to last from March 23 to April 3, according to Navy Region Mid-Atlantic. Marine Gunnery Sgt. Mario A. Madero-Rodriguez's court-martial is slated to last from April 20 until May 1. of life in prison without the possibility of parole, reduction in rank to E-1, forfeiture of all and allowances, and a punitive discharge if they are convicted of murder. Melgar died on June 4, 2017, in Bamako, Mali, after he was allegedly assaulted by four U.S. special operators, a British service member, and a Malian security guard, who reportedly planned to make a video of Melgar Two other U.S. service members involved with Melgar's death have already pleaded guilty: Special Warfare Operator 2nd Class and Marine Matthews, who is being investigated for allegedly trying to as part of a ruse to deceive her, was sentenced to one year in prison. Maxwell received a four-year prison sentence.",
    "date": "December 4, 2019"
}