{
    "url": "https://www.military.com/defensetech/2016/06/17/marketing-robot-escapes-russian-training-area-gets-lost",
    "document_type": "NewsArticle",
    "title": "\u2018Marketing\u2019 Robot Escapes Russian Training Area, Gets Lost",
    "content": "With companies and governments across the world looking to develop the best in next-generation robots, it was only a matter of time before one broke loose and went on walkabout.\n Fortunately, the runaway robot of Russia is no -- China\u2019s free roaming, Taser-armed security guard -- but something more suited to be your base tour guide.\n Promobot, touted by manufacturer Promobot as the \u201cfirst on the market, completely self-contained \u2018live\u2019 robot,\u201d recently escaped from a testing area in Perm, about 700 miles east of Moscow, and wheeled its way into a busy city intersection, confusing and surprising passersby and disrupting traffic, according to Russia Today.\n \n \u201cThe robot was learning automatic movement algorithms on the testing ground, these functions will feature in the latest version of the Promobot,\u201d company co-founder Oleg Kivokurtsev told the news agency ura.ru. \u201cOur engineer drove onto the testing ground and forgot to close the gates. So the robot escaped and went on his little adventure.\u201d\n According to the company, Promobot is designed to be your all around C3PO \u2018droid. But for his Star Wars adventures a robot custom made to for concierge, product sales and information desk roles.\n As a military bot, maybe it would replace company clerks.\n But given rising tensions between the U.S. and Russia, however, more hawkish elements in Washington may see in Promobot \u2013 even with a cartoonish-looking figure more like Disney\u2019s Big Hero Six than The Terminator \u2013 as a prototype robo-killer.\n But it is obvious Promobot the company still has some work to do on Promobot the robot, since one of the selling points it makes \u2013 as shown below in the side-by-side comparison with a human \u2013 is that it \u201cwill not get confused and stray.\u201d",
    "date": "June 17, 2016"
}