{
    "url": "https://www.military.com/daily-news/2013/09/11/marine-shares-deployment-with-daughter.html",
    "document_type": "NewsArticle",
    "title": "Marine Shares Deployment With Daughter",
    "content": "CAMP LEATHERNECK, Afghanistan \u2013 It should come as no surprise that the selection of stuffed animals available in Afghanistan is limited -- dolls aren\u2019t exactly a hot commodity for Marines here. Missing loved ones, however, is pretty much a universal sentiment. The thought of being absent for yet another milestone in his daughter\u2019s life led Marine Corps Sgt. Anthony Ortiz, a California native, to track down one such rare fluffy item and make a little extra space in his pack. \u201cBasically, I haven\u2019t been there for a lot of her life,\u201d said Ortiz, a combat cameraman with Combat Logistics Regiment 2, Regional Command Southwest. \u201cThis is the second deployment I\u2019ve been on, and this is a yearlong one for my daughter, who has only been alive for three years. She\u2019s coming up on her third birthday.\u201d More than eight months after leaving home, he slipped the floppy-eared teddy bear into his pack before heading on patrol. The brown-and-white doll accompanied Ortiz from then on as he moved throughout Helmand province. \u201cIt\u2019s giving her a little bit of myself and all my travels,\u201d said Ortiz, who posed for a picture with the bear at each installation he visited. \u201cI\u2019m giving her the experience of where I\u2019ve been through this teddy bear. \u2026 It can represent all the different landmarks we hit together. Then I\u2019ll send it to my daughter, because at every place I\u2019ve been, all around Afghanistan, up and down, she was always on my mind.\u201d The traveling duo bounced from base to base. They endured inclement weather, dangerous routes through the desert, and the inquisitive gaze of other Marines. \u201cI definitely got some looks and some comments,\u201d said Ortiz, who admitted he\u2019s a bit eccentric. \u201cI loved it. As soon as I told them why I was doing it, everybody else\u2019s eyes just flared up. They wanted to do the exact same thing.\u201d The doll was a welcome distraction for Ortiz as he neared the last third of his deployment. There are no off days in Afghanistan, and he already had seen many of his peers return home. \u201cYou just have to take it one day at a time,\u201d said Ortiz, who also served in Iraq. \u201cYou can talk about it. You can read about it. But unless you live it, you can\u2019t really tell somebody passionately what it\u2019s going to entail, how they\u2019re going to feel, or what\u2019s going to go on in their head. \u201cYou\u2019re busted down to the exact bare minimum of what you need to survive, and you march on,\u201d he continued. \u201cYou\u2019re all away from your families. You all experience it together, and you\u2019ll never have closer friends. \u2026 You just do the mission and come home together.\u201d As a combat camera Marine, Ortiz\u2019s mission took him from one end of Helmand province to the other. He\u2019s accompanied infantry units on patrol through villages and rode with extensive convoys moving through desert trails. During his nine months in Afghanistan, he compiled an extensive collection of photographs for Marine commanders in the field and families back home. \u201cYou just have to go with your gut,\u201d he said. \u201cIt\u2019s a great feeling, because you come back from a mission and you\u2019re dirty and you\u2019re tired. You look at all the images you have. You have life. You have history captured.\u201d As a cameraman, however, it isn\u2019t often Ortiz finds himself on the opposite side of the lens. \u201cMost photographers don\u2019t like to get their picture taken,\u201d Ortiz said. \u201cI\u2019m actually that photographer who loves to get his picture taken. For once I get to be the person in the photo. It feels good knowing these pictures are intended for my daughter.\u201d Ortiz also designed a card for his daughter. It\u2019s nothing fancy, he admitted, but it\u2019s the best he could manage under the circumstances. His collection complete, Ortiz bid farewell to his traveling companion and bundled the doll, photos and card into an ordinary postal box. He mailed it back to his daughter in Manassas, Va., Sept. 5. \u201cThe [bear] is ready to go see my daughter,\u201d Ortiz said just before sending the package. \u201cI know it\u2019s not a nicely wrapped gift for her birthday, but \u2026 you know \u2026 next year.\u201d",
    "date": "September 11, 2013"
}