{
    "url": "https://www.military.com/paycheck-chronicles/2018/05/01/your-home-your-bank.html",
    "document_type": "NewsArticle",
    "title": "Your Home Is Your Bank",
    "content": "Recently, I was on a business trip where I would give a presentation to some young airmen on building a strong financial future. Pacing back and forth in my hotel room, I ran through the presentation in my mind, with the TV on as background noise. Suddenly, a sound bite from an on-air commercial stopped me in my tracks. With more than a little enthusiasm, the narrator exclaimed, \u201cYour house is your bank.\u201d Wow. I had been down this path before ... and not with good results. Just a few years into my financial planning career, I was working with a couple who had accumulated around $25,000 in credit card debt. Unfortunately, I made a recommendation that addressed the symptom \u2014 a whole bunch of high-interest credit card debt \u2014 without touching on the root cause: out-of-control spending. You can see where this is going. Yep, with my assistance, their house was their bank.\u00a0 About six months later, I stopped by their bank\u2026er, house to check in on their progress and was quite dismayed to find out they had made some serious financial moves since we\u2019d last met. The bank apparently needed new windows and one of the employees of the bank, plastic surgery. When all was said and done, the couple had worked diligently to rebuild their credit card debt to its previous level and, of course, thanks to my sage guidance, had a big home equity loan to boot. This is not to say that a home equity loan can\u2019t make sense in certain situations, but here are a few questions to ask yourself before you move forward: Until the arrival of last year\u2019s Tax Cuts and Jobs Act, you could deduct home equity interest up to $100,000 for home equity loans or lines of credit used for any purpose \u2014 including paying off debt. No more. The new law eliminates the deduction on this type of interest. So, from a tax perspective, it\u2019s now less attractive to tap the equity in your home. This question addresses my \u201croot cause\u201d comment from above. There are many reasons you could have ended up with a pile of debt. If one of those reasons is plain old overspending, and now you\u2019re looking for a silver bullet, STOP. As happened to my clients, it\u2019s possible you\u2019ll put your home at risk AND add more debt. Look in the mirror, figure out how you got where you are, and ensure you\u2019ve got a game plan to manage your (over)spending. If you\u2019re using the equity in your home as a financial resource, there are two basic approaches: a line of credit and a loan. A line of credit is just that: It provides something you can draw on when you need it via checks or electronic transfers. This approach might work well if you\u2019re using home equity to fund periodic, but unknown expenses, for example, education. Interest rates typically fluctuate with market interest rates. A loan, on the other hand, will have a set repayment schedule, a fixed interest rate and a clear beginning and end. A loan would work best for a one-time expenditure, such as debt consolidation. Why do you need money now? Are you taking a vacation or buying a luxury item? If that\u2019s the case, you don\u2019t want to \u201cmake your house your bank.\u201d On the other hand, you could make a case for funding education, home improvements or other moves that add long-term value to your financial situation. OK, I\u2019ve stopped pacing. But let me get it off my chest one more time: Your house is your home, not your bank.",
    "date": "May 1, 2018"
}