{
    "url": "https://www.military.com/daily-news/2014/01/23/pentagon-oks-religion-based-grooming-standards.html",
    "document_type": "NewsArticle",
    "title": "Pentagon OKs Religion-based Grooming Standards",
    "content": "WASHINGTON -- A clean shave and a boot-camp buzz cut are no longer mandatory for adherents of religions whose grooming practices differ from those traditionally required by the U.S. military.\n\u00a0\nThe Pentagon announced Wednesday that beards, turbans, religious body art and other previously off-limits manifestations of spiritual devotion can now be allowed throughout the military. The policy also OKs other religious practices not related to appearance.\n\u00a0\nThe requests for religious accommodation should \"reflect sincerely held beliefs\" and not damage military readiness, unit cohesion or good order and discipline, according to a revised Defense Department instruction on accommodation of religious practices.\n\u00a0\n The policy has its limits, but is designed to allow troops free expression of their religion, as required by Congress in the 2013 National Defense Authorization act, a spokesman said. Jews, Sikhs and Muslims in the military are among those who in recent years have sought greater latitude in order to comply with their religions.\n\u00a0\n\"When requests for accommodation are made, the needs of the requesting servicemember are balanced against the needs of mission accomplishment,\" Pentagon spokesman Lt. Cmdr. Nathan Christensen wrote in an email. \"Only if it is determined that the needs of mission accomplishment outweigh the needs of the servicemember may the request be denied.\"\n\u00a0\nThe U.S. Commission on Civil Rights in December sent a letter to Defense Secretary Chuck Hagel about department policies it said \"may result in the unnecessary exclusion of Sikh Americans and Americans of other religious faiths from military service based on their religious beliefs manifested in their dress and grooming.\"\n\u00a0\nRequests for accommodation that don't conflict with standing DOD policies -- such as allowing troops to engage in prayers required by their religion throughout the day -- can be dealt with by immediate commanders, he said.\n\u00a0\nOthers that butt up against existing policies, such as the wearing of beards or headgear, will need waivers issued by military department secretaries, or by military officers no lower than heads of personnel and manpower for each service.\n\u00a0\nReaction to the policy Wednesday was diverse and intense.\n\u00a0\nRabbi Sanford Dresin, director of military programs at the Aleph Institute, which waged a successful legal battle to win a Jewish chaplain's right to wear a full beard, said he was surprised and cheered by the new policy.\n\u00a0\n\"If this is all true, I'm ecstatic to say the least,\" he said. \"I think it demonstrates sensitivity and respect for multiculturalism.\"\n\u00a0\nDresin said he was gearing up to contend with the Marine Corps over the right of Jewish Marines to wear yarmulkes, headwear many Jews feel their religion requires them to wear. He said he now hopes the new policy makes the effort unnecessary.\n\u00a0\nDresin, a chaplain endorser for DOD, said it would also make recruiting Jewish chaplains easier.\n\u00a0\n\"There remains a shortage of Jewish chaplains in the military and I feel that I will be able to provide additional chaplains if this is the case,\" he said.\n\u00a0\nBut Mikey Weinstein, president of the Military Religious Freedom Foundation -- which battles what he describes as fundamentalist Christian domination of the military -- said the relatively small numbers of non-Christian practitioners who benefit from the new rules would be dwarfed by the number of Christians who use it as cover to try to impose their belief system.\n\u00a0\nDOD will find it harder to fight the spread of homophobia, anti-Islam sentiment, misogyny and anti-Semitism with the new policy, he predicted.\n\u00a0\n\"Far from this being all about beards and turbans for Sikhs or yarmulke for Jewish personnel, I am concerned over a potential for a new tsunami of fundamentalist Christian oppression and tyranny from superiors to their subordinates,\" Weinstein said.\n\u00a0\nRon Crews, executive director of the Chaplains Alliance for Religious Liberty, an evangelical group that often takes issue with Weinstein, welcomed the ruling.\n\u00a0\nHe said the organization's members are concerned that with recent changes in DOD policies governing open service of gays in the military and allowing benefits for same-sex spouses, they would be limited in expressing their faith's teachings on homosexuality. The new ruling provides some assurance, he said.\n\u00a0\n\"Our initial response is that we are grateful that DOD is taking seriously Section 533 that was passed in the FY13 NDAA,\" he said. \"And we're wanting to make sure that military members are able to exercise their religious liberties without any fear of recrimination.\"",
    "date": "January 23, 2014"
}