{
    "url": "https://www.military.com/daily-news/2015/03/18/army-picks-female-intel-soldier-for-usareurs-top-enlisted-slot.html",
    "document_type": "NewsArticle",
    "title": "Army Picks Female Intel Soldier for USAREUR's Top Enlisted Slot",
    "content": "KAISERSLAUTERN, Germany -- U.S. Army Europe's Lt. Gen. Ben Hodges has selected Command Sgt. Major Sheryl Lyon as the next senior enlisted leader for U.S. Army Europe, breaking new ground for a position that until now has always been held by male combat arms soldiers. Lyon, who has spent most of her career in military intelligence, is currently the senior enlisted leader for Joint Functional Component Command for Global Strike at She's expected to take over as USAREUR's senior enlisted in May. \"I selected CSM Lyon because she was the best fit for what we needed in 'Strong Europe' as our senior noncommissioned officer and to ensure the best possible leader development of the thousands of enlisted soldiers in Europe,\" Hodges said in a statement provided by his command. After graduating from Western Kentucky University with a bachelor's degree in Spanish, Lyon joined the in 1991 as a signals intelligence analyst, she wrote in a 2008 paper about her Army experience for the U.S. Army Sergeants Major Academy. Though she offered few details in the paper about her service, Lyon wrote about some of her assignments in her first 17 years, including a stint at the former Army listening station at Bad Aibling, Germany. The base, whose operations fell under the umbrella of the National Security Agency, was controversial long before Edward Snowden's revelations about the NSA's spying activities. Before its closure in 2004, many Germans believed Bad Aibling was part of a network of outposts the U.S. used to spy on telephone and Internet traffic across the globe. It was while assigned to Bad Aibling that Lyon said she was recruited for a secretive special mission unit. In the special mission unit, she wrote, \"I saw and did things that I would never have had the opportunity for in any other assignment.\" She deployed with the unit to the \"GWOT,\" she wrote, using the military's acronym for the global war on terrorism. \"Unfortunately, I can say no more about it than that.\" She spent eight years in the special mission unit before returning to the conventional Army, she wrote. Since coming back from what she referred to as the \"other\" side in 2006, Lyon has served as the sergeant major of the 441st Military Intelligence Battalion at ; the command sergeant major of a special troops battalion at ; and the command sergeant major of the 525th Battlefield Surveillance Brigade at , with which she deployed to Kosovo in 2013. She assumed her current position at Offutt in early 2014. USAREUR has spent much of the last year engaged in exercises in eastern Europe meant to reassure allies after Russia's annexation of Crimea from Ukraine last year. Lyon will serve as adviser to Hodges, who took over as USAREUR commander in November. He has not shied away from calling Russia out over its role in the Ukraine conflict. Hodges picked Lyon from a pool of a half dozen command sergeants major the Army selected to interview for the position, according to USAREUR. Hodges described Lyon as \"an experienced military intelligence professional and proven leader with international and joint experience.\"",
    "date": "March 18, 2015"
}