{
    "url": "https://www.military.com/spousebuzz/2018/06/27/military-commissary-beer-and-wine-where-find-it.html",
    "document_type": "NewsArticle",
    "title": "Military Commissary Beer and Wine: Where to Find It",
    "content": "A few months ago the Defense Department announced that they were going to at select commissaries by this summer ... and the people rejoiced. Because what's better than affordable beer and wine at the Exchange or Shoppette? Saving yourself an extra stop by buying it at the . But at the time they didn't release the locations of those first stores. So we've just been hanging out, waiting for the day they tell us whether or not commissary will be one of the first to conveniently place the beer right down the lane for the cheap potato chips. Today is that day. The twelve commissaries that will carry beer and wine by the end of the month are: The stores are: Your base not on the list? Do not fear! This test will run for 90 days, and then officials plan to roll it out to the rest of the stateside system, Kevin Robinson, a Defense Commissary Agency spokesman told me.",
    "date": "June 27, 2018"
}