{
    "url": "https://www.military.com/money/va-loans/3-good-reasons-to-consider-a-va-home-loan.html",
    "document_type": "NewsArticle",
    "title": "3 Good Reasons to Consider a VA Home Loan",
    "content": "Service members move a lot. A move may take them across the country or to the other side of the globe. When it comes time to buy a place to call home, a \u00a0may be able to help them do it for less. Since its inception in 1944, the has helped more than 20 million service members and veterans purchase homes, according to the Department of Veteran Affairs. Today, it can provide lower interest rates than traditional loans and other advantages for those who are . If you're considering buying a home, here are three reasons a VA home loan might be a smart decision: \"Typically, a VA loan is a good choice for eligible veterans who want to avoid a down payment and who want 100% financing,\" says Winston Wilkinson, USAA's senior vice president for real estate lending. \"But the choice should always come down to a veteran's personal situation.\" Consider two of the biggest advantages of VA home loans: While the mortgage rates associated with VA loans are often more favorable than other loans, a borrower's actual rate will vary based on personal credit rating and other factors. The VA loan is a reusable benefit. This can be particularly helpful for service members faced with frequent that keep them crisscrossing the country. The process of applying for a VA loan is essentially the same as applying for a conventional or FHA loan. Homebuyers establish themselves as trustworthy borrowers and provide evidence of income. An appraisal verifies the value of the home they are buying. There are two exceptions: Counselors at the \u00a0can help you through the process.",
    "date": "September 30, 2015"
}