{
    "url": "https://www.military.com/daily-news/2019/04/05/navy-amphib-sails-through-south-china-sea-bunch-f-35s-aboard.html",
    "document_type": "NewsArticle",
    "title": "Navy Amphib Sails Through South China Sea with a Bunch of F-35s Aboard",
    "content": "The and appear to be testing a concept that would turn an amphibious assault ship into a mini-aircraft carrier -- and they did so while sailing through the contentious South China Sea. The made its way to the Philippines last weekend with at least 10 jets aboard. That's nearly twice as many F-35s than typically deploy with amphibs. Navy photos show that four tiltrotor aircraft were also on the Wasp. The National Interest on the ship's larger-than-normal F-35 detachment. \"In sailing with nearly twice as many vertical-landing fighters than is normal for an assault ship, Wasp is helping to prove a concept the Marine Corps seriously has been mulling over for years now -- transforming amphibious ships into light aircraft carriers,\" the magazine reported. \"It's an idea that's gaining credibility as the Navy considers cutting the number of large carriers in the fleet.\" The ship sailed through the South China Sea on its way to Subic Bay in the Philippines. The Navy has been making , just west of the Philippines, since China began militarizing artificial islands there. The and sailors will now conduct amphibious operations; live-fire training; and urban, aviation and counterterrorism operations, according to a Navy news release. It's the first time the Wasp with the F-35B Lightning II aircraft will participate in the training exercise, the release states. \"Together, they represent an increase in military capability committed to a free and open Indo-Pacific region,\" according to the Navy. The Marine Corps' 2017 aviation plan includes a section on the \"Lightning Carrier.\" While the amphibious assault ship will never replace the aircraft carrier, the plan states, it can be complementary \"if employed in imaginative ways.\" \"A Lightning Carrier, taking full advantage of the amphibious assault ship as a sea base, can provide the naval and joint force with significant access, collection and strike capabilities,\" according to the aviation plan. \"An amphibious assault ship ... equipped with 16-20 F-35Bs with an embarked, organic aerial refueling capability will create opportunities for the naval and joint force commander.\" The model could become more common as the Navy looks to , the Harry S. Truman, years before originally planned. The Wasp's presence in the region comes as Filipino officials protest hundreds of Chinese boats swarming the Philippine-occupied Thitu island in the South China Sea. The island, which is called Pag-asa by Filipinos, is in the Spratlys, the most hotly contested region in the busy waterway, .",
    "date": "April 5, 2019"
}