{
    "url": "https://www.military.com/military-fitness/workouts/stews-favorites-pt-pyramid-mile-goal-paced-runs",
    "document_type": "NewsArticle",
    "title": "Stew\u2019s Favorites: PT Pyramid and Mile Goal Paced Runs",
    "content": "This is a way to mix in running mile pace runs with PT pyramid training: /mile goal paced runs Run one mile timed Do 10 sets. (Do 10 sets of the pyramid of the three exercises in circuit fashion, selecting an abdominal exercise of your choice -- for example, sit-ups, crunches, flutter kicks, plank pose (per second).\u00a0Sample set 1: Pull-up one, push-ups two, sit-ups three. Each set progresses until set 10 = 10 pull-ups, 20 push-ups, 30 sit-ups. .\u2026 Run one mile. Do 10 sets. Run one mile. Do 10 sets. Run one mile. *If you still have juice left, shoot for a fourth round of the 1-10 PT pyramid. If you do not have time for this, do: Repeat three times. Run one mile. Max pull-ups Max push-ups Abs of choice two minutes Whether you're thinking of joining the military, looking for fitness and basic training tips, or keeping up with military life and benefits, Military.com has you covered. to have military news, updates and resources delivered directly to your inbox.",
    "date": "December 2, 2015"
}