{
    "url": "https://www.military.com/daily-news/2020/03/30/marine-corps-may-not-have-enough-pilots-its-f-35-fleet-top-general-warns.html",
    "document_type": "NewsArticle",
    "title": "Marine Corps May Not Have Enough Pilots for its F-35 Fleet, Top General Warns",
    "content": "The U.S. may not have enough pilots to sustain future units amid expected future budget shortfalls, its top general warned in a new report. In a 10-year force outlook plan, Marine Corps Commandant Gen. David Berger said the service will require a new study into how many F-35 squadrons it can support as it prepares to make other cuts across the force. \"I am not convinced that we have a clear understanding yet of F-35 capacity requirements for the future force,\" Berger said in the recently released report, titled \"Force Design 2030.\" The news was first reported by . \"As a result, the service will seek at least one external assessment of our Aviation Plan relative to [National Defense Strategy] objectives and evolving naval and joint warfighting concepts,\" he added. The F-35 has proven costly to maintain, and the Marine Corps, like other services, has contended with shortages in the fighter community. \"Our continued pilot shortfalls are a factor we must consider and either scale programs of record accordingly or implement a sustainable, affordable solution,\" Berger said. \" face similar shortfalls. This issue has recruiting, training, and retention factors -- as well as fiscal and industrial base factors -- that we must consider in reconciling the growing disparity between numbers of platforms and numbers of aircrew.\" Berger noted that it has been particularly difficult to develop an experienced F-35 pilot cadre. \"Our continued inability to build and sustain an adequate inventory of F-35 pilots leads me to conclude that we must be pragmatic regarding our ability to support the existing program of record,\" he said. A spokesman for the Marine Corps said that as of March, the service was 800 pilots short of its goal of 4,000 for all aircraft types. The service was unable to provide how many F-35 pilots it was specifically short, given the \"consistent fluctuation\" of pilots moving within the pipeline, the spokesman said.\u00a0 The Marine Corps has been on an ambitious journey over the last five years to integrate the F-35 into its operations. The service has plans to procure 420 total F-35s -- 353 s and 67 s -- in an effort to replace the , the and over the next decade. The and the Marine Corps have been their Joint Strike Fighter operations out west along the Pacific coast. The Marine Corps recently accepted its first jet, which can fly off aircraft carriers and make longer-range flights. While the service has since 2015 operated the F-35 \"B\" variant -- which can take off and land vertically on amphibious assault ships -- the \"C\" variant was only introduced into its inventory for carrier operations at Marine Fighter Attack Squadron 314 . The Marine Corps has had significant stealth fighter milestones, often ahead of its and Navy counterparts: It was the first service to reach initial operating capability or IOC, declaring its F-35B short take-off and vertical landing variant ready for combat in 2015. In 2018, the F-35B made its , conducting its first strike in Afghanistan. Additionally, the F-35B with the Pacific-based 31st MEU in March 2018, marking the first maritime operational for the aircraft. Earlier this year, Berger told audiences at the annual Surface Navy Association conference that in a potential near-peer conflict, the Navy and Marine Corps can't send warships out that look the same every time, and should of unpredictability. That could mean loading an amphibious assault ship with F-35s on one deployment -- what officials have called the -- and sending the next ship out full of tiltrotor aircraft, followed by a mix of the two. \"We need to constantly pose this adversary with different looks,\" Berger said. -- Gina Harkins contributed to this report.",
    "date": "March 30, 2020"
}