{
    "url": "https://www.military.com/daily-news/2016/04/15/a29-super-tucanos-see-first-action-afghanistan.html",
    "document_type": "NewsArticle",
    "title": "A-29 Super Tucano Attack Aircraft See First Action in Afghanistan",
    "content": "attack aircraft manned by Afghan pilots trained in the U.S. have conducted the first close air support missions by fixed-wing aircraft ever flown for the fledgling Afghan Air Force, a U.S. military spokesman in Kabul said Thursday. \u201cThey are beginning to take their first strikes,\u201d guided to targets by Afghan forward air controllers on the ground, Brig. Gen. Charles Cleveland said in a video briefing from Kabul to the Pentagon. Cleveland did not say where or when the first A-29 strikes took place or describe the effectiveness of the missions, but U.S. and Afghan officials previously had said that combat missions by the turboprop aircraft were expected to begin in April. Four of the A-29s arrived in Afghanistan in January and another four have since flown in to a military airfield near Hamid Karzai International Airport outside Kabul, according to Cleveland, the new deputy chief of staff for communications for the U.S. and NATO Resolute Support Mission in Afghanistan. A U.S.-funded $427 million contract calls for a total of 20 A-29s to be delivered to Afghanistan by 2018. Eight Afghan Air Force pilots completed training late last year on the A-29s with U.S. pilots from the 81st Fighter Squadron at Moody Air Force Base in Georgia. The A-29s, which were designed for close air support, carry a 20mm cannon below the fuselage, one 12.7mm machine gun under each wing and can also fire 70mm rockets and launch precision-guided bombs. The A-29s began arriving in Afghanistan nearly five years after the Brazilian firm Embraer, and its U.S. partner Sierra Nevada Corp., won a Light Air Support competition with the A-29 against the Hawker Beechcraft AT-6B Texan II, leading to contract disputes and delays in the program. Last month, the A-29s working with Afghan tactical air controllers conducted live-fire training exercises outside Kabul. At a following ceremony called the \u201cRebirth of the Afghan Air Force,\u201d Maj. Gen. Wahab Wardak, commander of the Afghan Air Force, said he expected the A-29s to begin conducting airstrikes in April. Although Cleveland did not say where the first A-29 strikes were carried out, Afghan Defense Minister Masoom Stanikzai said last month that the aircraft would likely be used first in southwestern Helmand province, where the Afghan National Security Forces have been struggling to contain the Taliban in the region that is the center of Afghanistan\u2019s opium trade. \u201cHelmand is not a rosy picture now,\u201d said Cleveland. Even so, he contradicted news reports that the provincial capital of Lashkar Gah, former headquarters of British forces in the region, was about to fall. In February, 500 troops from the Army\u2019s 10th Mountain Division were sent to Helmand as force protection for U.S. Special Operations troops advising and assisting the Afghans. Cleveland said that the Afghan forces, backed by nearly daily U.S. airstrikes, were making progress against newly-emergent Islamic State of Iraq and Syria, or ISIS, allied Afghan insurgents in eastern Nangarhar province. \"We do think that they are being contained more than they probably were last fall,\" he said, but \"we do think that they still pose a real threat. And based on their past performance, they\u2019ve got the ability to catch fire very quickly. So we do want to continue to have constant pressure on them.\"",
    "date": "April 15, 2016"
}