{
    "url": "https://www.military.com/daily-news/2019/10/23/missing-west-point-cadet-found-dead-after-dayslong-search.html",
    "document_type": "NewsArticle",
    "title": "Missing West Point Cadet Found Dead After Multi-Day Search",
    "content": "WASHINGTON -- A 20-year-old cadet who had been missing for days was found dead late Tuesday night, according to officials. Cadet Kade Kurita of Gardena, Calif., had been missing since Friday evening. The cause of his death is under investigation, but foul play is not suspected, academy officials said. \"We are grieving this loss and our thoughts and prayers go out to Cadet Kurita's family and friends,\" said Lt. Gen. Darryl Williams, superintendent of the academy. :\u00a0 Kurita was reported missing when he failed to report for a scheduled military skills competition. Kurita was found after a massive search across West Point's 16,000 acres involving 130 soldiers from the 23rd Military Police Company from , multiple law enforcement teams, search dogs and military helicopters from the 2nd Aviation Detachment from Stewart Air Base.",
    "date": "October 23, 2019"
}