{
    "url": "https://www.military.com/daily-news/2018/02/26/5-things-start-your-week-february-26-2018.html",
    "document_type": "NewsArticle",
    "title": "5 Things to Start Your Week: February 26, 2018",
    "content": "Here are five news stories and events to start your week, from the editors at Military.com: at Military.com: \"The Nuclear Posture Review (NPR) includes a long-term plan that could put nuclear cruise missiles aboard the new (DDG 1000) of stealthy destroyers, according to the commander of U.S. Strategic Command. Gen. John Hyten, StratCom chief, said the plan to develop a new, low-yield nuclear Sea-Launched Cruise Missile (SLCM, or \"Slick-em\") would not be limited to using ballistic submarines as the sole launch platform, as many assumed when the NPR was endorsed by Defense Secretary Jim Mattis earlier this month. 'It's important to know that the NPR, when it talks about the Sea-Launched Cruise Missile, does not say \"Submarine-Launched Cruise Missile,\" ' Hyten said in a Feb. 16 keynote address in Washington, D.C., at the National Defense University's Center for the Study of Weapons of Mass Destruction.\" Should troops be allowed to carry personal firearms on base? The question has spurred robust debate in recent years -- and President Donald Trump may just have re-started the conversation. As , Trump suggested he would re-examine the policies that require troops check their personal weapons or leave them home when they enter military installations. At the Conservative Political Action Committee conference at National Harbor, Maryland, Trump brought up the topic while referring to the recent tragic high school shooting in Parkland, Florida, earlier this month. \"If we can't have our military holding guns, it's pretty bad,\" Trump told the CPAC audience, \"and I'm going to look at that whole policy on military bases.\" But do military leaders want troops carrying on base? Maybe not. Army chief of Staff Gen. Mark Milley is on record saying he doesn\u2019t support the idea. It sounds like an oxymoron, but it\u2019s just a fact: It takes a lot more airmen to operate and maintain unmanned aerial vehicles than it does to fly a traditional manned aircraft. But the . At the Air Force Association's Air Warfare Symposium in Orlando, Lt. Gen. Steven L. Kwast, commander of Air Education and Training Command, said the service is looking to find efficiencies in the infrastructure-intensive field of remotely piloted aircraft. \"We're going to change the game -- I am working with the whole of the Air Force to build a strategy and an architecture that gives us more [intelligence, surveillance and reconnaissance] for less people, for less money,\" Kwast said, according to a from Military.com reporter Oriana Pawlyk, who was in Orlando for the conference. Reports that President Donald Trump wants a massive military parade to showcase American strength have spurred controversy. Military Times reported this month that the and showing 89 percent of readers are opposed to the idea. But that may not stop the president. He told that he likes Veterans Day for the parade, or possibly July 4. But, Trump added, he won't follow through on the idea if it can't be done at a \"reasonable cost.\" From at Military.com: \"Defense Secretary James Mattis sent out a Feb. 8 memorandum to the service secretaries, the chairman of the Joint Chiefs of Staff, all combatant commands and other Defense Department agencies announcing the Secretary of Defense Close Combat Lethality Task Force. 'I am committed to improving the combat preparedness, lethality, survivability, and resiliency of our nation's ground close combat formations,' Mattis wrote. 'These formations have historically accounted for almost 90 percent of our casualties and yet our personnel policies, advances in training methods, and equipment have not kept pace with changes in available technology, human factors science, and talent management best practices.' Aside from new military technology, the task force may provide much-needed coordination for the services to ensure they are working together on small arms and equipment innovations -- something that the and the often fail to do, experts maintain.\" --",
    "date": "February 26, 2018"
}