{
    "url": "https://www.military.com/defensetech/2010/12/09/t-72s-were-indeed-being-sent-to-sudan-rebel-army",
    "document_type": "NewsArticle",
    "title": "T-72s Were Indeed Being Sent to Sudan Rebel Army",
    "content": "Well it's finally\u00a0confirmed. Those mystery tanks discovered by pirates who commandeered the back in late 2008 were indeed meant for the rebel government in southern Sudan.\n It's long that the cargo of 32 T-72 tanks, 150 grenade launchers and six antiaircraft guns were being shipped from the Ukraine to Sudan. Now, the diplomatic cables released by WikiLeaks (love em or hate em)\u00a0definitively\u00a0show the weapons were en route to the war torn nation. In fact, the tanks were just the latest shipment in a large-scale effort to arm the breakaway government with modern tools of war. An effort that the U.S. tacitly approved of and then changed its mind about when the Obama administration took charge.\n Today's New York Times describes the\u00a0mystery\u00a0as the partial result of a\u00a0vague\u00a0U.S. policy on how to handle the split up of Africa's largest country:\n Naturally, the U.S. knew about the deal. It even helped the south buy communications gear and nonlethal weapons as well as provided \"combat arms soldier training,\" according to the article.\n It goes on to say the U.S. found out about the shipments of heavy weapons in 2008 and wasn't thrilled about them. But wasn't exactly in the mood to stop them, either. The Bush\u00a0administration\u00a0basically\u00a0asked everyone involved to keep it on the D.L. After all, the weapons were going to protect a people who had been repeatedly ravaged by the north.\n \n Then the U.S. changed administrations and changed its mind on the shipments, condemning them and getting seriously pissed at Kenya for keeping up the ruse, even threatening sanctions.\n In what may be the best summation of the whole affair, the article quotes Rep. Donald Payne, D-NJ., chair of the House Foreign Relations subcommittee on Africa as saying:\n the whole piece.",
    "date": "December 9, 2010"
}