{
    "url": "https://www.military.com/daily-news/2020/02/13/fort-drum-soldier-dies-afghanistan-non-combat-incident.html",
    "document_type": "NewsArticle",
    "title": "Fort Drum Soldier Dies in Afghanistan in Non-Combat Incident",
    "content": "Officials are investigating after the death of a 21-year-old soldier at Bagram Airfield, Afghanistan. Spc. Branden Tyme Kimball, from Central Point, Oregon, died Wednesday at the U.S. hub in northeastern Afghanistan. His death was described as \"non-combat related.\" Kimball,\u00a0an aircraft structural repairer, had been assigned to 3rd Battalion, 10th Aviation Regiment, 10th Combat Aviation Brigade, out of , New York. \"Our thoughts and prayers are with the family and friends of SPC Branden Kimball during this very difficult time. The loss of any Mountain Soldier has a lasting impact on every member of the team,\" Lt. Col. Kamil Sztalkoper, 10th Mountain Division spokesperson, said in a statement provided to Military.com. \"He will be missed from our formations.\" Kimball joined the in August 2016 and was on his first . He is survived by his mother. To date, seven American service members have died in Afghanistan in 2020. Most recently, two , when a man dressed in an Afghan soldier's uniform opened fire on U.S. and Afghan troops with a machine gun.",
    "date": "February 13, 2020"
}