{
    "url": "https://www.military.com/spouse/relationships/men-in-abusive-relationships.html",
    "document_type": "NewsArticle",
    "title": "Ms. Vicki: It Hurts When She Hits Me",
    "content": "Did you know that more than five million men are battered each year? Men in abusive relationships are a hidden epidemic and they suffer in silence. There can be many reasons for this silence. One reason could be embarrassment; our culture applauds strong, masculine men, and being abused by a woman can be seen as not only demeaning, but also emasculating. Men may also be more likely to be in denial about abuse, and disbelief that their spouse could be abusive. They make excuses for her behavior and say things like: , and . Now you are isolating yourself from family and friends because you are embarrassed and ashamed about the abuse. According to a Department of Justice national survey, more men than women are victims of intimate partner violence and over 40% of men have suffered severe physical violence. However, more often abuse comes in psychological and emotional forms. Here is one recent letter among many I've received recently from a man whose wife is abusive: Your wife could be much smaller than you. It doesn't matter -- women can be abusive. Abuse is no laughing matter. It will get worse if you don't get help. Here are some resources below: For the latest military news and tips on military family benefits and more, and have the information you need delivered directly to your inbox.",
    "date": "June 2, 2012"
}