{
    "url": "https://www.military.com/defensetech/2011/05/06/imagine-being-aboard-this-plane",
    "document_type": "NewsArticle",
    "title": "Imagine Being Aboard This Plane",
    "content": "This will make you not want to fly for a little while. It's footage of a Tupelov airliner struggling to stay aloft amidst severe oscillations. It's downright scary to watch. This was apparently the plane's first flight after emerging from long term storage at an air base outside of Moscow. Well done to the pilots who eventually landed the plane safely. I have no idea how they did it.\n For more info and video of the flight, click .",
    "date": "May 6, 2011"
}