{
    "url": "https://www.military.com/military-fitness/general-fitness/diet-and-nutrition/how-lose-weight-during-holiday-season",
    "document_type": "NewsArticle",
    "title": "How to Lose Weight During the Holiday Season",
    "content": "If you are trying to maintain your current weight or lose weight, you may have discovered that the time from Halloween to Thanksgiving to Christmas to New Year's Day\u00a0is a series of tough challenges. The excuse to eat sugary treats, huge meals, party snacks\u00a0and drinks is spread consistently throughout the extended holiday season.\u00a0Top it off with a change in temperatures to keep you inside more, moving less\u00a0and weekend-long sports seasons full of chips,\u00a0wings\u00a0and beer, and you have a perfect storm of challenges to keeping your health and fitness goals. No wonder so many people reach the new year\u00a0and say, \u201cI have to make a change in my life.\u201d The following is a list of reference material and tips to help you get through the snacking, mega-meals, holiday cookies\u00a0and sugary drinks (alcohol included). 1. Stay in the movement habit.\u00a0If you have been good this year with\u00a0creating a regular fitness/activity routine, now is not the time to give up. Even with the higher stresses that accompany this last quarter, having some form of physical outlet will help you and balance out the extra calories that come with this season. Keep moving. Ideas: Walk 10 minutes after every meal. Work out before work/school. Take 10-minute breaks from long periods of sitting throughout the day and stretch and walk. You will find by adding movement to your day, you will be more productive with work and tasks. 2.\u00a0 .\u00a0Whether you successfully have navigated the majority of the year with consistency or just getting started now, the key is to keep moving and build good habits of eating smaller portions. This means eating , and when the extra calories arrive in the form of Halloween candy, work parties and holiday social events, stay . 3.\u00a0 . When enjoying company or major weekend sporting events, drink water first.\u00a0Water can help you feel full quicker, and with the indoor dry heat of the season, being dehydrated is a serious concern. Chapped lips, dry sinuses and\u00a0headaches are common when you turn on the heater during the late fall and winter.\u00a0Stay loaded up with water to\u00a0help you fight off the flu and cold season, but water is a natural appetite suppressant. 4. Get your flu shot.\u00a0A the most disciplined and motivated exerciser and healthy eater. It happens. If you can, get the shot. It may work or may make the flu less severe for you.\u00a0Another way is to wash your hands often, use hand sanitizer after being in public spaces\u00a0and avoid\u00a0touching your face. Keep those dirty hands away from your eyes, nose, mouth and ears. 5. Get it out of the house.\u00a0To be honest, get the extra candy, cookies\u00a0and treats out of the house as quickly as possible. If you do not feel right throwing them\u00a0in the garbage, leave the basket of candy you have left over on the doorstep when you are finished handing out candy.\u00a0It will be gone in the morning. Otherwise, save your favorite treats for occasional snacking, then get rid of it quickly. 6. Your new year's resolutions start here.\u00a0Get a head start on training for the spring and summer and go into the new year with great habits of eating and training already made. If you can maintain your weight during this time of the year, losing weight will be even easier once this crazy season is over. In the end, it comes down to moderation. If you can limit extra calories, avoid larger portions at meals, drink more water than you currently do\u00a0and exercise a little more habitually, this season will pass by with little disruption to your health and wellness goals. But minor slips can lead to weeks of more calories, missed workouts\u00a0and unhealthy habits. Having a plan to get back on track before the holiday weight gain reaches epic proportions is centered around staying or getting motivated. See related motivation articles for help: Whether you're thinking of joining the military, looking for fitness and basic training tips, or keeping up with military life and benefits, Military.com has you covered. to have military news, updates and resources delivered directly to your inbox.",
    "date": "November 5, 2018"
}