{
    "url": "https://www.military.com/daily-news/2019/04/19/marine-aviation-training-unit-commander-fired.html",
    "document_type": "NewsArticle",
    "title": "Marine Aviation Training Unit Commander Fired",
    "content": "The commanding officer of a North Carolina-based aviation training unit has been relieved of his command, the said this week. Lt. Col. Christopher Kinsey, commanding officer of the Center for Naval Aviation Technical Training Unit-Marine Unit, out of , was fired Thursday by Rear Adm. Kyle Cozad, commander of Naval Education and Training Command, officials said. Kinsey was relieved due to loss of trust and confidence in his ability to command, and an investigation into the matter was ordered, said Cmdr. James Stockman, a Navy spokesman. He said the investigation was directed by Brig. Gen. Benjamin Watson, commander of Marine Corps Installations East out of , North Carolina, but could not comment on its findings due to privacy considerations. Kinsey has been temporarily assigned to MCI-East. The unit's executive officer, Maj. Anthony Ripley, is serving as acting commanding officer, Stockman said. Kinsey enlisted in the in June 1991 and initially trained as a weather observer, according to information provided by Nat Fahy, a spokesman for MCI-East. He rose to the rank of staff sergeant before earning his commission through the Meritorious Commissioning Program in December 1999. He trained as an aircraft maintenance officer and later completed to Afghanistan, Iraq, Djibouti and the Horn of Africa. Prior to commanding CNATTU-MARU, Kinsey served as deputy director of protocol for Marine Corps Commandants Gens. Joseph Dunford and Robert Neller, then as assistant for administration for the Department of the Navy. He took command of CNATTU-MARU in May 2017. His awards include the Meritorious Service Medal, Air Medal with Strike/Flight numeral 3, Combat Action Ribbon, Joint Service Commendation Medal, two Navy/Marine Corps Commendation Medals, two Navy/Marine Corps Achievement Medals and the Presidential Service Badge.",
    "date": "April 19, 2019"
}