{
    "url": "https://www.military.com/military-fitness/workouts/upper-body-workout-with-cardio-skills-options",
    "document_type": "NewsArticle",
    "title": "Upper-Body Workout with Cardio and Skills Options",
    "content": "Do you want an all-encompassing upper-body workout? This one focuses on a solid warmup/workout section that builds your muscle stamina with one-minute sets after a 1-5 burpee/run pyramid. Do one burpee, run 25 meters, do two burpees, run 25 meters, then continue until you get to five burpees. Do one minute of sit-ups, push-ups and max pull-ups. Repeat two more times. Warmup Repeat 3 times Workout section one: This is a pulling\u00a0challenge section that works the body's vertical and horizontal plane. Repeat 5 times Workout section two: This is a pushing challenge section, using overhead weighted and isometric holds as well as the opposite direction with an easy pulling exercise and core mixed in for good measure. Repeat 3 times :\u00a0This lightweight routine is a great way to build strength in the smaller muscles of the shoulder. Go slowly and perform each repetition with no more than five-pound dumbbells. Cardio/skills/PT combo: Goal pace\u00a0running and swimming are important, so you can build that pacing muscle memory and know exactly how it feels to run a six-minute mile pace or a 1:30 100-meter swim. Focus on the goal pace you want to perform at your next PT test. Swim or run PT combo (do either or both) 500-meter warmup Repeat five times Repeat five times\n400 meters at goal pace mile pace\nRest with one minute of abs of choice and one minute of push-ups*\n*Usually these one-minute sets of push-ups turn into a plank pose, as people are typically burned out from push-ups by now. Enjoy. Whether you're thinking of joining the military, looking for fitness and basic training tips, or keeping up with military life and benefits, Military.com has you covered. to have military news, updates and resources delivered directly to your inbox.",
    "date": "February 11, 2017"
}