{
    "url": "https://www.military.com/spouse/career-advancement/5-things-that-will-make-your-interviewer-hate-you.html",
    "document_type": "NewsArticle",
    "title": "5 Things That Will Make Your Interviewer Hate You",
    "content": "You probably know most of the that can help you forge a connection with a potential employer. Now it\u2019s time to learn some of the things you must avoid in an interview to ensure the interviewer doesn\u2019t end up hating you by the end of it. These things really do happen. Just make sure they don\u2019t happen to you. \u201cAn interviewer will dislike you if you respond to the question, \u2018What advice would you give your former boss, if asked?' \u201d says Lee Evans, CEO and career coach at Free-Job-Search-Websites.com, adding that this is a trick question. \u201cThe interviewer will interpret your negative response as the answer you might give when asked about a manager at the interviewing company. It's also a test of your ability to respond appropriately to sticky questions. Your interviewer and prospective employer will side with your former manager, and view you as difficult to deal with.\u201d Keep your responses professional and watch for trick questions. Sometimes, interviewers will ask you what you might change about a prospective employer, and it can be an opportunity to bring out some ideas you might have. But keep it constructive, and wait until they ask, says Ronald Kaufman, author and executive coach. \u201cTelling them things you would change about their company is arrogant and implies you might be a disruptive employee,\u201d Kaufman says. \u201cAs an outsider, you don\u2019t know my needs, my budgets, my problems, and telling me what you would change is a major turn off.\u201d Wait to offer suggestions until the interviewer asks for them, and even then, keep them brief and constructive while stressing that you know you don\u2019t have all the information. Whether you like the way your interviewer looks or not, keep it to yourself. Even \u201cwell, you look nice today\u201d is inappropriate, according to Evans. Commenting on how people look when you\u2019ve just met them can be a signal that you aren\u2019t concerned with social boundaries or are rude. Comments about appearance are on the \u201cinterviewer\u2019s red flag list,\u201d Evans says. Keep social commentary to a minimum, and stick to safe and general topics, such as the weather or traffic, before you get into the interview. Even when you want the job, it\u2019s possible that things you say make it sound like you think you\u2019re better than what the company deserves. \u201cIf you make it appear as though the organization where you are applying is not up to speed in terms of technology or that its facility is lacking, you will alienate the interviewer,\u201d says Cheryl Palmer, a career coach. \u201cYou need to give the interviewer reason to believe that you are the best person for the job and that you really want to work there.\u201d Find ways to talk about how you\u2019ll be a good fit for the company, rather than implying you\u2019re a superhero for offering to help the organization out of a jam. It\u2019s a killer, no matter why it happens. Showing up 10 minutes early is a common interview tip, but its importance cannot be overstated. \u201cTardiness shows one of two things: disrespect or poor planning, both of which are nonstarters for most hiring managers,\u201d says Michael \u201cDr. Woody\u201d Woodward, an organizational psychologist and author of \u201cThe YOU Plan.\u201d Showing up late sets the tone for the rest of the interview, and you\u2019ll have to be at the top of your game to come back from such a setback. Make sure you\u2019re early to your interview. Interviewers aren\u2019t looking for reasons to say \u201cno,\u201d but things you do can annoy them enough that you lose your chance at the company. Do what you can to make sure they don\u2019t hate you. \u00a0to have military news, updates and job resources delivered directly to your inbox.",
    "date": "August 5, 2013"
}