{
    "url": "https://www.military.com/defensetech/2017/05/02/3-d-printing-is-changing-way-air-force-fixes-its-aging-planes",
    "document_type": "NewsArticle",
    "title": "3-D Printing Is Changing Way Air Force Fixes Its Aging Planes",
    "content": "Three-dimensional printing is becoming more prevalent in the defense industry, as engineers explore the process to make parts for the most sophisticated U.S. weapons, . \n But lesser-known projects have been in the works at a , Oklahoma, shop that has been producing parts for aircraft for at least two years. \n In February, Lt. Gen. John Cooper, deputy chief of staff for logistics, engineering and force protection, , \"Can we find better ways to maintain these airplanes? Is there some new technology that can help us? Or some new repair processes?\" \n The 3-D printing process is one way to do that, he said. \n The general cited a trip he took to Tinker where he saw members of the Oklahoma City Air Logistics Complex, one of the Air Force's largest depot maintenance units, for a bomber. \n \"We're responsible for all the maintenance, repair and overhaul of all components that come off the aircraft,\" Col. Robert Jackson, commander 76th Commodities Maintenance Group, told Military.com in a recent interview. The CMXG is part of the Oklahoma City Air Logistics Complex. \n Jackson said the team has a wide variety of things to maintain, including many parts that would require an expensive bulk buy when they really need only one or two. Examples include mic switch knobs, crew compartment panels, sun visor brackets, and armrests that total roughly 60 different plane parts across the B-1, , , and \u00a0airframes, among others. \n Martin Williams, director of the 76th's Reverse Engineering and Critical Tooling, or REACT, office, said the unit already uses 3-D printers in various sizes, but they want others with flexible technologies to support making parts that engineers haven't necessarily thought of yet. \u00a0\n The Lancer dashboard -- or standby compass cockpit panel, as officials called it\u00a0-- is something the unit is currently prototyping. \n Even with larger items, which require more durable parts and aren't suited to 3-D production, 3-D prototyping streamlines the process by experimenting with designs that will be manufactured later with metal, Jackson said.\n \"You're using the 3-D printed technology in order to deliver a prototype that confirms form, fit and function \u2026 and then you can be confident of your repair solution or your new part, delivering that to the traditional, organic manufacturing [unit] that's going to use multi-axis milling machines to cut metal into that part,\" he said. \n Jackson said Tinker stood up the 553rd Commodities Maintenance Squadron in December 2015 for that reason, dedicated specifically to organic manufacturing.\n The in-house 3-D process is much faster than going back and forth with outside suppliers for parts. \"Once you get the geometry, you can print it overnight and have it the next day,\" said REACT engineer Nate Pitcovich. \n To identify the geometry of the part and print it takes at most two days, officials explained.\n \"With diminishing sources of supply, the benefit for us is the flexibility and the agility to respond to a warfighter need,\" added Eric Bartlow, director of engineering for the CMXG. \n \"The benefit is speed,\" he said.\n \"That's our bottom line,\" Jackson agreed.",
    "date": "May 2, 2017"
}