{
    "url": "https://www.military.com/military-fitness/fitness-test-prep/weights-and-pt-workouts",
    "document_type": "NewsArticle",
    "title": "How to Get the Most Out of Weights and PT Workouts",
    "content": "I received an email from an Army soldier who is interested in still scoring well on\u00a0the Physical Fitness Test\u00a0naturally, but also mixing some weights and other resistance training into his weekly routine. For those of you who like to lift weights only, it is recommended to lift weights, stretch\u00a0and do cardiovascular activities (bike, swim, jog, etc.) to complete the workout. Mixing these components into your routine will build strong muscles and bones, create joint flexibility, and develop your heart and lungs into more efficient oxygen-moving organs. The workouts that mix calisthenics with weights training are common circuit training workouts, but I add a challenge of muscle burnout to keep the PFT scores high. For example, one of my favorite circuits only takes about 20-30 minutes and will work out your upper body unlike other routines: * Only do this workout once a week. It is very challenging on your body to fail this many times in a workout. Here is another upper-body workout\u00a0I like to do. It will work opposing muscle groups with a weight exercise and a PT exercise while resting with a cardio and abs routine: * Repeat five\u00a0times -- Pull-ups -- max reps --\u00a0Bench press -- 5 reps of 50%-75% of maximum single lift -- Run or bike 10 minutes -- Sit-ups -- max reps for two minutes Repeat five\u00a0times -- Push-ups -- max reps in one minute -- Pulldowns -- 10, 10 (regular, reverse grips nonstop) -- Run or bike 10 minutes -- Sit-ups --\u00a0max reps for two minutes * Choose weight that should challenge you on\u00a0the last two reps. Do this workout 1-2 times a week, with 2-3 days between repeating\u00a0upper-body workouts. One of the best cardio, weight and PT mixes I like to do is with the legs: -- Repeat three\u00a0times --\u00a0Run or bike five minutes fast -- Stretch legs -- Squats with no weight -- 20-30 reps -- Leg press -- 10-15 reps --\u00a0Lunges -- 10-20 reps per leg -- Leg extensions -- 10-15 reps --\u00a0Leg curls -- 10-15 reps Jog or bike 10-15 minutes for cooldown. Stretch\u00a0legs well. * Choose a weight that should challenge you on\u00a0the last two reps. Do this workout 1-2 times a week, with 2-3 days between repeating leg\u00a0workouts. These are just some ideas of how to mix PT with weights. It makes the weight room more fun and will help your PFT scores as well. If you have any questions, feel free to email me. Whether you're thinking of joining the military, looking for fitness and basic training tips, or keeping up with military life and benefits, Military.com has you covered. to have military news, updates and resources delivered directly to your inbox.",
    "date": "July 1, 2014"
}