{
    "url": "https://www.military.com/spouse/military-benefits/money-management/debt-proofing-the-holidays.html",
    "document_type": "NewsArticle",
    "title": "Debt Proofing the Holidays",
    "content": "Tara Crooks interviews \u00a0Mary Hunt about debt proofing the holidays. Regardless of your financial situation, the mission at Debt-Proof Living is to provide hope, help and realistic solutions for those striving to be financially responsible. Check out the following Military.com Podcast to learn how you can debt proof your holiday season. Debt-Proof Living is ... Debt-Proof Living Online Members... Debt-Proof Living Online tools include...",
    "date": "November 18, 2011"
}