{
    "url": "https://www.military.com/daily-news/2015/04/24/marines-on-frontline-battling-to-end-sexual-assault.html",
    "document_type": "NewsArticle",
    "title": "Marines on Frontline Battling to End Sexual Assault",
    "content": "FORT GEORGE G. MEADE, Md. -- The has a zero tolerance policy for sexual assault, an act that directly contradicts our Marine Corps values of honor, courage and commitment. The Marine Corps takes measures to educate and train Marines on sexual assault prevention and response and its effect on our brothers and sisters in arms. The frontline representatives \u00a0for this effort are known as uniformed victim advocates, or UVAs. \u201cIt\u2019s important for the Marine Corps, and every branch of the military, to have UVAs, because the UVA is an identified person that someone can go to for help,\u201d said Sgt. Phillip Elgie, UVA for the Marine Detachment at , Maryland. \u201cIt also shows troops that the Marine Corps is doing everything to combat it and then help people who are affected by it.\u201d Advocates not only provide support, education, and training to Marines, they also play a large part in preventing sexual assault. \u201cSexual assault prevention is the biggest part of what I do as an UVA,\u201d Elgie said. \u201cIf I can train people and give them tools to prevent sexual assault from happening, such as noticing triggers and being situationally aware, that\u2019s what will stop sexual assault.\u201d Marines can help prevent sexual assault by being active bystanders. \u00a0If you observe a high-risk situation, the most effective way to prevent anything further from happening is by stepping up and intervening. \u00a0Bystander intervention is the primary prevention strategy of the Marine Corps and is the most effective way to stop sexual assault. \n Advocates provide access to numerous services and options to support victims in the aftermath of a sexual assault . \u00a0The UVA stays in contact with the victim to ensure they are receiving the help they want and to assist victims in walking through the recovery process. \u201cBecause of the training and knowing who the UVA was, I felt comfortable stepping forward about my situation,\u201d \u00a0said a sexual assault victim who wished to remain anonymous. \u00a0\u201cThe UVA let me open up at my own pace and helped me decide what to do. (They) were always in contact with me and always checking in with me. \u201cSexual assault is a very personal and traumatic thing. Having someone you can talk to is very important. The UVA position is set up so you know you have someone.\u201d",
    "date": "April 24, 2015"
}