{
    "url": "https://www.military.com/daily-news/2020/01/14/gen-jay-raymond-sworn-first-space-force-leader.html",
    "document_type": "NewsArticle",
    "title": "Gen. Jay Raymond Sworn in as First Space Force Leader",
    "content": "WASHINGTON -- Vice President Mike Pence on Tuesday presided over the historic swearing-in ceremony of the first leader of the U.S. Space Force, the newest branch of the U.S. armed forces. Gen. Jay Raymond was sworn in as the Space Force's first-ever Chief of Space Operations. The Space Force was of the U.S. military in December 2019. In his new role, Raymond will also serve on the Joint Chiefs of Staff. Pence stated that Raymond comes from a family with a rich military heritage, noting that since 1865 the Raymond family has had somebody in uniform serving in the U.S. armed forces.",
    "date": "January 14, 2020"
}