{
    "url": "https://www.military.com/daily-news/2017/04/23/north-korea-threatens-to-sink-us-aircraft-carrier.html",
    "document_type": "NewsArticle",
    "title": "North Korea Threatens to Sink US Aircraft Carrier",
    "content": "North Korea threatened Sunday to sink a U.S. aircraft carrier to demonstrate its military prowess, as two Japanese navy warships joined a U.S. strike group for exercises in the Philippine Sea. \"Our revolutionary forces are combat-ready to sink a U.S. nuclear-powered aircraft carrier with a single strike,\" according to North Korea's ruling Workers' Party's newspaper, the Rodong Sinmum. The paper also likened the to a \"gross animal\" and said that a strike on the carrier would be \"an actual example to show our military's force.\" President Trump ordered the USS Carl Vinson to over Pyongyang's nuclear and missile tests and threats to attack the U.S. and its allies. Vice President Pence said Saturday that the strike group would arrive \"within days.\" The Carl Vinson and two other U.S. warships were joined by two Japanese destroyers as they continued their journey north in the western Pacific Ocean, the U.S. Navy said in a statement. The U.S. group also includes a guided-missile cruiser and a guided-missile destroyer. The aircraft carrier had canceled a scheduled visit to Australia to divert toward North Korea in a show of force, though it still conducted a curtailed training exercise with Australia before doing so. The called the exercise \"routine\" and said it is designed to improve combined maritime response and defense capabilities, as well as joint maneuvering proficiency. The Vinson group has conducted three previous bilateral exercises with the Japanese navy since leaving San Diego on Jan. 5 for a western Pacific deployment; the most recent one was in March. Analysts believe that North Korea could be gearing up for its sixth nuclear test and ahead of the 85th anniversary of the founding of the Korean People's Army, which takes place Tuesday. North Korea conducted two of its five nuclear tests last year and is believed to be working to develop nuclear-tipped missiles that could reach the U.S. mainland. The Associated Press contributed to this report.",
    "date": "April 23, 2017"
}