{
    "url": "https://www.military.com/daily-news/2020/06/17/missile-full-of-swords-was-likely-behind-death-of-two-al-qaida-commanders-syria.html",
    "document_type": "NewsArticle",
    "title": "A Missile Full of Swords Was Likely Behind the Death of Two Al-Qaida Commanders in Syria",
    "content": "A drone strike that killed two senior commanders of an al-Qaida-linked terror group in northwestern Syria likely employed a unique variant of the beloved Hellfire missile, according to video from the scene of the strike. Two leaders of the al-Qaida offshoot Horas al-Din, Jordanian citizen Qassam al-Urduni and Yemeni citizen Bilal al-Sanaani, were reportedly killed when a drone strike believed to have been carried out by the U.S.-led coalition nailed their vehicle on Sunday, the Associated Press\u00a0 . Video posted to Twitter on Sunday purportedly shows the aftermath of the strike -- but instead of a fiery wreck, al-Urduni and al-Sanaani's vehicle appears relatively intact, the roof and windshield impacted from above and one side shredded: The absence of an explosion and the pattern of damage to the roof and sides of the vehicle suggest that the drone didn't employ a conventional precision-guided munition but the R9X variant of the AGM-114 Hellfire missile, a non-explosive weapon that can best be described as a 100-pound flying switchblade or an anvil covered in swords. First\u00a0 \u00a0by the Wall Street Journal in 2019 and\u00a0colloquially known as the \"flying Ginsu\" or \"ninja bomb,\"\u00a0the R9X is elegant in its simplicity: rather than packing an explosive payload, the kinetic warhead contains a halo of blades that deploy moments before impact and effectively eviscerate a target without the potential civilian casualties that accompany a large explosion. Although the R9X, developed in a collaboration between the\u00a0Defense Department and Central Intelligence Agency, is technically a secret, the distinctive effects of the munition have become increasingly recognizable since the U.S. government reportedly started deploying it downrange against targets in Syria and Yemen in 2017. Indeed, the impact patterns on\u00a0al-Urduni and al-Sanaani's vehicle appear to match those on the car of\u00a0Ahmad Hasan Abu Khayr al-Masri, the al-Qaida second-in-command who,\u00a0 \u00a0to the Wall Street Journal, the CIA allegedly targeted and killed with an R9X in Syria's Idlib province in February 2017. The same pattern also appears on the vehicle of Abu Ahmed al-Jaziri,\u00a0a foreign fighter for al-Qaida offshoot Hayat Tahrir al-Sham who was\u00a0 \u00a0in December 2019. The use of the R9X hasn't been restricted to Syria and Yemen:\u00a0 \u00a0to The War Zone,\u00a0 \u00a0from the aftermath of a January 2019 airstrike against a suspected Taliban commander in Afghanistan's Kunduz province suggest that the unusual missile was used to neutralize that target.\u00a0 It's unclear how many R9X missiles the Pentagon has in its arsenal: the Army and Air Force's fiscal year 2021 budget requests for missile procurement\u00a0 \u00a0 \u00a0of this specific Hellfire variant, although the Air Force's budget request does note that multiple variants \"may be procured based upon operational requirements for various warheads and the enhanced weapon engagement zone.\" With that in mind, this most recent apparent deployment of the R9X against a suspected terrorist downrange suggests that the Pentagon is increasingly embracing the Hellfire variant as a low-collateral precision strike weapon -- and, as a result, the military's flying switchblade is becoming more of a necessity on the battlefield rather than just a mere oddity. The Defense Department did not immediately respond to request for comment.",
    "date": "June 17, 2020"
}