{
    "url": "https://www.military.com/education/money-for-school/using-your-education-benefits-wisely.html",
    "document_type": "NewsArticle",
    "title": "Using Your Education Benefits Wisely",
    "content": "If you are on active duty, you have several options for how to pay for college. Making the right choice is critical for two reasons: This article gives you an easy to follow decision flowchart, explains common academic terms and offers a direct comparison of your Active Duty benefit options, all designed to help you make the right choice for your given situation and educational goals. Your benefit options may include: Military Tuition Assistance, GI Bill Top-Up, GI Bill, Federal Financial Aid, and Scholarships and Grants. Be sure to speak to your Education Service Officer or Navy College representative before using your GI Bill benefits. Use the following flowchart to assist in deciding which benefit option will best suit your current and long term goals: The following Table shows some general comparisons between each of your benefit options: Highlights Things to Consider \u00a0 Limited to: You should always consult your ESO or Navy College representative before using your GI Bill while on active duty. ** Federal Student Aid (FSA)",
    "date": "August 21, 2009"
}