{
    "url": "https://www.military.com/daily-news/2020/01/31/air-force-finally-releases-new-images-stealthy-b-21-future-bomber.html",
    "document_type": "NewsArticle",
    "title": "Air Force Finally Releases New Images of Stealthy B-21 Future Bomber",
    "content": "New photorealistic renderings of the B-21 Long Range Strike Bomber have officially landed. The together with the bomber's manufacturer, Northrop Grumman, published three new concepts of the next-generation bomber, showing the stealth aircraft in various hangars at bomber bases across the U.S. One shows a concept of the B-21 tucked away in a hangar at , South Dakota, currently a base; a second shows the aircraft at , Missouri, which currently houses the ; and a final photo presenting the B-21 at , Texas, also a B-1 base. Last year, the service announced the B-21's first operational base would be at Ellsworth and would also host the bomber's first formal training unit. and are expected to receive B-21 Raiders \"as they become available,\" the . The B-21 is still years away. Officials have said first deliveries should begin in the mid-2020s, but have too many other details in order to protect details about the B-21's technology. While enthusiasts have compared the squat, sleek profile of the B-21 to the B-2 stealth bomber -- also developed by Northrop -- a specialist for military aviation at the Congressional Research Service was quick to point out one potential difference. Altering the photo's contrast, \"it becomes evident that what looks like the 'beak' is the port leading edge. The nose (as depicted) is not as sharp as B-2,\" Friday. The Air Force plans to buy roughly 100 bombers, but could end up purchasing more depending on . Officials are conveying the program's and to lawmakers on congressional defense committees, as well as top brass at the Pentagon. In August, Vice Chief of Staff Gen. Stephen \"Seve\" Wilson said . In 2016, the Air Force announced it would name after the service's legendary Doolittle Raiders. The late World War II , the last surviving Doolittle Raider, made the announcement that year. The Air Force awarded Northrop the contract, , in 2015. Total costs are over the life of the program.",
    "date": "January 31, 2020"
}