{
    "url": "https://www.military.com/daily-news/2019/08/13/majority-c-130s-return-service-following-wing-crack-inspections.html",
    "document_type": "NewsArticle",
    "title": "Majority of C-130s Return to Service Following Wing Crack Inspections",
    "content": "The U.S. has given the OK for a majority of its fleet to fly again after about a quarter of its cargo aircraft were grounded last week for precautionary inspections. As of Aug. 12, 88 aircraft have been inspected and 87 returned to service, Air Mobility Command spokeswoman Rose Riley told Military.com on Tuesday. One aircraft was \"identified with a crack, and appropriate measures are being taken to address and repair it,\" Riley said in an email. \"Tremendous progress is being made to inspect all remaining affected aircraft, and we continue to safely support operations around the world,\" she added. Last week, Gen. Maryanne Miller, head of AMC, ordered 123 of the 450 C-130 models on Air Force flight lines to be stood down as a safety precaution after \"atypical cracks were discovered on the lower center wing joint,\" also known as the rainbow fitting, according to a service news release. The order applies to C-130H and J-model aircraft \"that have not received the extended service life center wing box and have greater than 15,000 equivalent flight hours,\" officials said at the time. Those aircraft began an \"immediate time compliance technical order (TCTO) inspection to identify and correct any cracking to ensure airworthiness of these C-130 aircraft,\" AMC said. Rainbow fittings provide structural support within the wings. Over the last few years, fatigue cracks have been common in the wing's center structure. There were 96 H and 36 J variants impacted. Of those, 123 were on the flight lines. Another eight aircraft were already in depot; another was transferred to the boneyard, according to AMC. Maj. Jonathan Simmons, another AMC spokesperson, said Tuesday that the 88 aircraft already inspected were among the 123 C-130s that were in \"active service at the time of the [time compliance technical order].\" \"This is significant progress, and we are proud of the hard work our airmen are putting in to thoroughly inspect and safely return these planes to the skies,\" he said. AMC did not provide a timeline for completing the inspections or finishing any required repairs. The service flies H and J models; the C-130E was retired in 2012. It also flies the AC-130J/U/W ground-attack variants; H/J, a Hercules converted for weather reconnaissance; , an electronic warfare variant; and the military information support operations . There are also the II and ; and Arctic mission LC-130H Hercules. The Air Force said it would share its findings with other services that fly C-130 models. The and began their own assessments of their C-130 aircraft following the Air Force's announcement. While the sea services have not grounded any C-130 aircraft, Naval Air Systems Command's tactical airlift program office , Lt. Travis Callaghan, a spokesman for Naval Air Forces, told Military.com on Friday. The Navy and Marine Corps fly the C-130T, KC-130T and . Earlier this year, the Air Force took 60 model aircraft out of service to examine and that inspectors deemed risky because the blades were manufactured before 1971. Many were removed as a safety precaution.",
    "date": "August 13, 2019"
}