{
    "url": "https://www.military.com/military-fitness/army-fitness-requirements/weight-control-program",
    "document_type": "NewsArticle",
    "title": "Army Weight Control Program (AWCP)",
    "content": "The Army's Physical Fitness program has two factors: the and the . The AWCP ensures every soldier is healthy, physically fit, and combat ready. The program requires you to meet specific weight standards, which are based on their height, weight, and gender.\u00a0 Under the AWCP you will be required to weigh-in at least once every six months.\u00a0 This may be done at the same time as your Army Physical Fitness Test. In most cases, failure to pass the Army's minimum weight or body fat percentage standards will make you ineligible for promotion, transfer, reenlistment or opportunities to attend professional schools. View the current . If you do not meet the initial height/weight requirements, the Army uses a calculation based on your abdominal and neck measurements to determine your body fat percentage. The following is chart shows the maximum allowable body fat percentage: If you exceed the Army's body fat percentage requirements you will receive an official letter stating that you will be placed on a weight-monitoring program.\u00a0The program will require you to loose a specified number of pounds per month.\u00a0You will also receive personal counseling to help you develop a fitness and nutrition routine to help you reach your weight loss goals.\u00a0 Losing weight requires a commitment to a healthy diet and a regular workout routine. Stew Smith has a variety of articles to assist you in learning how to eat to lose weight as well as better prepare you for the rigors of military fitness. Check out the following links to reach your fitness and weight loss goals: - \n- \n- \n- \n- \n- Many of my favorite PT programs to train for the Army PFT can be found in the following Military.com links: - \n- \n- \n- - \n- \n- \n- \n-",
    "date": "July 1, 2014"
}