{
    "url": "https://www.military.com/veteran-jobs/career-advice/the-secret-to-a-successful-internship-perform.html",
    "document_type": "NewsArticle",
    "title": "The Secret to a Successful Internship: Perform",
    "content": "Many veterans are starting their internships this week and experiencing corporate culture for the very first time. The learning curve will be steep as veterans try and acclimatize themselves to working within a business setting. It's no secret that all interns are looking to parlay their internships into full-time offers. With that mission in mind, many focus their time networking with as many people at the firm as possible in order to seek out opportunities and increase their chances of getting a full-time offer. This is a huge mistake. You're number one priority as an intern is to perform. Period. And not just perform, but to be the top performer at whatever you're asked to do. Whether it's putting together complex modeling formulas in excel or putting stickers on DVD cases, you want to be the go-to person for your direct supervisor; you want to be known as someone who gets things done. As a veteran intern, the expectations on how you will perform are already higher than the average intern: you're older, more experienced, and more mature. If you're not out-performing the average twenty-year-old college kid, don't expect to receive any full-time offers. \u00a0 Here's why focusing on performance is so important: it doesn't matter whom you network with at the company. Everyone that you talk to is going to call or email your direct supervisor and ask how you're doing. Your fate at the company will be determined by what he or she says about your performance. It doesn't matter how much you network, if your manager has other than exemplary things to say about you, you're simply wasting your time because no one wants to hire an average performer. So you're number one priority is to earn the respect and sponsorship of your direct supervisor. If your direct supervisor is willing to put his or her name and reputation on the line for your behalf, then more times than not the company will find a way to keep you on board. The veteran community within the company is very small as well. Most, if not all, of them talk to one another, especially about any new veteran interns or hires. They want to support you and have your back, but they will also be harder on you than the average intern or new hire, which is to be expected! Your mission as an intern is to build a solid, performance based relationship with your manager or direct supervisor. If you make his or her life easier, make them look good, or alleviate their workload in any way, they will fight to keep you on board in some capacity. And in many cases, particularly in the veteran community, if the company cannot hire a top-performing intern because of financial reasons, veteran employees will call their veteran associates at client, and even competing companies, to make sure you're successful in gaining full-time employment. But none of this happens unless you earned the respect and sponsorship of your managers through your performance. Within an organization, networking is a waste of time if you aren't considered a performer. Focus your time during your internship on performing beyond expectations. Let your supervisor take the lead in networking for you and you'll ultimately be successful obtaining full-time employment.",
    "date": "June 13, 2014"
}