{
    "url": "https://www.military.com/daily-news/2018/11/06/active-duty-troops-border-will-not-receive-hazard-pay.html",
    "document_type": "NewsArticle",
    "title": "Active-Duty Troops at Border Will Not Receive Hazard Pay",
    "content": "More than 5,000 troops stationed along the U.S.-Mexico border will not receive additional compensation for working in a dangerous environment, known as \"danger ,\" a Pentagon official said Tuesday. Col. Robert Manning, a Pentagon spokesman, said troops do not qualify for the special pay unless they are on duty \"in foreign areas, designated as such because of wartime conditions, civil war, civil insurrection, or terrorism.\" \"Members who are deployed in support of the Department of Homeland Security's border mission are not eligible for imminent-danger pay,\" he said in a statement Monday. Nor will troops receive hostile-fire pay, which is given to service members in close proximity to a firefight or exposed to a barrage of fire from an enemy combatant. The border mission is considered non-combative, Manning said. \"Our military will not receive combat pay or hostile-fire pay as they are not deploying to a combat area, nor are they expected to be subject to hostile fire,\" he said, adding that they will be eligible for a separation allowance. \"Members with dependents, including those in support of the border mission, who are deployed away from their dependents (and their permanent duty station) for more than 30 days, are eligible to receive family separation allowance retroactive back to the first day of the separation at the rate of $250 per month,\" Manning continued. President Donald Trump tweeted last week that the caravan of migrants traveling toward the U.S. border could be taken down by lethal force. \"The Caravans are made up of some very tough fighters and people,\" . \"Fought back hard and viciously against Mexico at Northern Border before breaking through. Mexican soldiers hurt, were unable or unwilling to stop Caravan.\" The next day, he said troops if the migrants threw rocks at them. \"We're not going to put up with that,\" Trump said during a White House press conference. \"[If] they want to throw rocks at our military, our military fights back. We're going to consider it -- and I told them, 'consider that a rifle.' When they throw rocks like they did at the Mexico military and police, I say 'consider it a rifle.' \" On Friday, he revisited his remarks, saying he never said U.S. forces would shoot migrants. \"What I don't want is these people throwing rocks. \u2026 What they did to the Mexican military is a disgrace,\" Trump said. \"They hit them with rocks. Some were very seriously injured, and they were throwing rocks in their face. They do that with us, they're going to be arrested, . I didn't say shoot.\" Gen. Terrence O'Shaughnessy, head of U.S. Northern Command, last week reaffirmed that \"everything that we are doing is in line with and adherence to Posse Comitatus,\" a congressional act dating to 1878 prohibiting the military from participating in domestic law-enforcement activities. Trump has said he could request a of to the border in support of U.S. Customs and Border Patrol. Manning on Monday told reporters that troops would not patrol with CPB and are there in a mission-support role only. \"There is no plan for DoD personnel to interact with migrants or protesters,\" he said, as . \"We are absolutely in support of [Customs and Border Patrol].\" The Pentagon last week announced to support the mission in Texas, Arizona and California, dubbed Operation Faithful Patriot. The units include military police, communications and logistics support, medical personnel, combat engineers, planners, an assault helicopter battalion, and public affairs specialists. That number could reach 7,000 in weeks to come, .",
    "date": "November 6, 2018"
}