{
    "url": "https://www.military.com/off-duty/games/2013/05/08/wargame-spotlight-kriegspiel.html",
    "document_type": "NewsArticle",
    "title": "Wargame Spotlight: Kriegspiel",
    "content": "These days it's easy to look at tabletop wargaming and think of it as nothing more than a geeky hobby, but if you look back far enough you'll see\u00a0 that its origins are a bit graver. In the 1800's, Prussia was renowned for fielding one of the most effective fighting forces ever seen on the European\u00a0 battlefield. Superior officer training contributed a great deal to their fighting prowess, and part of that training was playing a game called\u00a0 Kriegsspiel. Kriegsspiel simply means wargame in German and there were many versions\u00a0 being played in the 19th century. Inspired by chess, dice rolls and variable terrain were introduced to create realistic scenarios where conditions weren't always optimal and officers had to consider different variables. The\u00a0 Prussian army specifically used a version of Kriegsspiel created in 1824 by Lieutenant Georg Leopold von Reisswitz to train their officers. The game has\u00a0 been expanded upon, reworked, and re-imagined many times since then, but for\u00a0 now we'll focus on the 1824 version. : There are a few elements of Kriegsspiel that any tabletop gamer will\u00a0 recognize. The game is played on a grid and terrain is modular. Similar to a\u00a0 game master in role playing games, Kriegsspiel was meant to be played with a\u00a0 confidant who acted as an impartial judge and declared the victors of each match. Other elements include color coded armies, uniform rules for movement\u00a0 and combat, timed turns, different movement speeds, and rules governing\u00a0 communication between officers and their men. The game was designed to be\u00a0 played by up to ten players and there were even rules for ordering the\u00a0 hierarchy. To reflect actual combat, if certain units couldn't see each other,\u00a0 their controlling players were not allowed to discuss strategies or issue commands. Kriegsspiel was played purely as a military exercise so there isn't a\u00a0 story imbued in the rules. However, considering the time period, it's the\u00a0 perfect game to use if you'd like to reenact a particular battle from the 19th century or play a historic fantasy campaign of your own design. Of course, as with all tabletop gaming, there's nothing to stop players from coming up with truly unique lore to set the scene. Considering that the game is nearly 200 years old, it might be a little\u00a0 difficult to find let alone people to play with. The first step you should take\u00a0 is picking up a modern publication of the rules. The 1824 version is currently\u00a0 owned by and can be purchased for ten British pounds. Blocks and other game pieces can be purchased from (click the \"Base and Kriegspiel blocks\" link on the leftfor fairly low prices. If you're feeling a little lost or\u00a0 confused with the game, is an online community dedicated to playing Kriegsspiel and\u00a0 maintaining an active community. With all these in hand, all you have to do is\u00a0 find a buddy willing to try out a centuries-old wargaming system and you're good to go!",
    "date": "May 8, 2013"
}