{
    "url": "https://www.military.com/military-fitness/general-fitness/how-to-master-the-two-most-important-exercises-for-basic-trainin",
    "document_type": "NewsArticle",
    "title": "How to Master the Two Most Important Exercises For Basic Training",
    "content": "There are many exercises you can do to prepare for basic training, but none more important than the push-up and sit up. In this article I will show you how to explode your push-up and sit-up count with a simple routine that will only take you a few minutes a day. No doubt about it, in basic training you're going to have to do a lot of push-ups so you're going to want to get your push-up count as high as possible before you ever meet your drill sergeants. You can increase your push-up count considerably with this quick and easy routine. The first thing you will want to do is some jumping jacks to warm up your body. If you can do 25 to 30, then you\u2019re off to a great start. Once your body is warmed up, you're going to want to do diamond push-ups to exhaustion. And when I mean to exhaustion, I mean until you literally cannot push yourself up anymore. A diamond push-up is when your hands are on the ground and your hands form a diamond shape. After those are completed, wait 30 seconds. Now, do a normal push-up where your hands are shoulder width apart. Again, you're going to exhaustion. Now you need to do wide-grip push-ups. Your hands are going to be even farther apart than the normal grip of course. In between each of the diamond, the normal, and the wide grip push-ups, you're going to be taking a 30 second break and working to exhaustion. All of those exercises should be done in one set. Do three sets of those exercises every other day, and if you don\u2019t feel sore after doing those three exercises, do four sets, then five sets, then six sets and so on. Here's a tip when you're doing diamond push-ups: you're working fast-twitch muscle fibers in your triceps. When you're doing wide grip push-ups, you're working your slow twitch muscle fibers in your chest. You're building up your chest, your arms, and your triceps all on one workout. After these workouts, you will be ready for basic training. Watch to see this routine in action. Sit-ups \u2013 you are definitely going to be doing a lot of these in basic training, so here is a great sit-up routine. First, get in the sit-up position. In order to do sit-ups, it is best to have someone holding your feet. For the sit-up, your fingers should be interlocked behind your head. For the routine, simply go halfway up and halfway down until exhaustion. This builds a certain part of your muscles in your stomach. Once you have reached exhaustion, wait a few minutes, and then do upper half crunches. Do that until exhaustion, and that's one set. Now you've got the lower half and the upper half of your ab muscles worked. You want to do those exercises three times every day. Abs are a little different than other muscle groups because you can work them every day. It doesn't require as much muscle recovery time as your other muscle groups. So if you feel like you can do those exercises again the very next day, go ahead unless you are sore; don't work out when you're sore. Next week, you might want to increase the routine to four sets. You are replicating the exact movement that you are going to be doing at basic training, so that also helps with muscle memory retention. Watch to see this routine in action. If you want to train even harder, shows you more basic training exercises that will better prepare you for basic training.",
    "date": "December 5, 2014"
}