{
    "url": "https://www.military.com/defensetech/2008/05/22/and-now-part-ii-of-the-armor-forecast",
    "document_type": "NewsArticle",
    "title": "And Now, Part II of the Armor Forecast",
    "content": "Earlier I gave you some notes I took on the forecasted expenditures of the services for armor products. The analyst from Vector Strategy also went into the forecasted expenditures of armored materials, including steel, ceramics and aramid fiber armors. But I thought that stuff was a bit speculative, so I won't pass it along unless any of you email me for it. What she did talk about, however, were some \"issues\" that could affect her assumptions on materials and expenditures -- things that could raise or lower the amounts or contribute to the creation of a whole new category of material demands and dollars spent. Some of those issues include: Up next: Carbon nanotubes and their influence on the armor market. -- Christian",
    "date": "May 22, 2008"
}