{
    "url": "https://www.military.com/daily-news/2016/01/20/search-called-off-for-marines-missing-in-helicopter-crash.html?ESRC=eb.nl",
    "document_type": "NewsArticle",
    "title": "Search Called Off for Marines Missing in Helicopter Crash",
    "content": "The Coast Guard and Marine Corps are calling off the search for 12 missing Marines after five days of 24-hour effort, officials announced Tuesday evening in a Hawaii press conference.\n\nCapt. Jim Jenkins, chief of staff and acting commander for the Coast Guard's 14th District, said the service would formally suspend its search at sunset Hawaii time, or about 11 p.m. Eastern time. Jenkins said the Coast Guard, which led the search and rescue mission, had recovered pieces of the two helicopters that apparently collided off the north coast of Oahu Thursday night, but had yet to recover any survivors of the crash.\n\nIt's a tragic development for the Marine Corps community, which has held out hope that survivors would be found despite choppy seas and days of fruitless searching. The decision, Jenkins said, was made with the Marine Corps and after careful analysis of the case and all the search efforts to day.\n\n\"The decision to suspect the search without finding survivors is particularly difficult,\" Jenkins said. \"We will continue to provide any comfort we can from this terrible loss.\"\n\nMarine Brig. Gen. Russell Sanborn, commanding general of 1st Marine Aircraft Wing, said efforts would now turn toward recovery and salvage operations. \n\nAn aircraft mishap board would continue to analyze all the evidence and investigate the tragedy in order to make recommendations and findings, Sanborn said. Some remaining underwater rescue and salvage assets, including the salvage ship USNS Salvor, may remain on the scene to recover debris and remains in order to give closure to the families of those presumed lost, Sanborn and Jenkins said.\n\nIt's still not clear what may have caused the tragic crash. Officials have said the two aircraft were on a routine night training flight and were due to return to their unit at Kaneohe Bay before they went down sometime before 11 p.m. Thursday. Coast Guard officials were first notified of a possible emergency when civilians reported seeing a \"flare\" and a \"fireball\" over the water off the shore of Oahu.\n\n\"To families that are most affected by this, our prayers and our support are for them,\" Sanborn said.\n\nThe Marines missing in the crash are are Maj. Shawn M. Campbell, 41, of College Station, Texas; Capt. Brian T. Kennedy, 31, of Philadelphia, Pennsylvania; Capt. Steven R. Torbert, 29, of Florence, Alabama; Capt. Kevin Roche, 30, of St. Louis, Missouri; Sgt. Dillon J. Semolina, 24, of Chaska, Minnesota; Sgt. Adam C. Schoeller, 25, of Gardners, Pennsylvania; Sgt. Jeffrey A. Sempler, 22, of Woodruff, South Carolina; Sgt. William J. Turner, 25, of Florala, Alabama; Cpl. Matthew R. Drown, 23, of Spring, Texas; Cpl. Thomas J. Jardas, 22, of Fort Myers, Florida; Cpl. Christopher J. Orlando, 23, of Hingham, Massachusetts; and Lance Cpl. Ty L. Hart, 21, of Aumsville, Oregon.\n\nIn the aftermath of the crash, the Marine Corps community rallied around the families and circulated the hashtag \"#PrayforPegasus,\" using the nickname for Marine Heavy Helicopter Squadron 463, home of both the choppers that went down. \n\nSanborn said Marine Corps Base Hawaii planned to hold a memorial service for the lost Marines Friday.",
    "date": "January 20, 2016"
}