{
    "url": "https://www.military.com/military-fitness/army-fitness-requirements/army-pft-sit-up-score-chart",
    "document_type": "NewsArticle",
    "title": "What Is the Army PFT Sit-up Score?",
    "content": "The sit-up score is part of the Army's Physical Fitness\u00a0Test and the Army Weight Control Program.\u00a0Participants are required to pass the Basic Training APFT to graduate boot camp and continue on to Advance Infantry Training. Participants based on age and gender must score a minimum of 50 in each event in order to pass the APFT to graduate Basic Combat Training. \u00a0 \u00a0 \u00a0 We can put you in touch with recruiters from the different military branches. Learn about the benefits of serving your country, paying for school, military career paths, and more: and hear from a recruiter near you",
    "date": "July 1, 2014"
}