{
    "url": "https://www.military.com/military-fitness/equipment/gym-in-bag",
    "document_type": "NewsArticle",
    "title": "Gym in a Bag",
    "content": "In 1991, when we shipped our tanks to Saudi Arabia from Germany, in addition to the 40 main gun rounds, 25,000 rounds of 7.62, a case or two of 5.56 and a couple boxes of mines, we packed something personal; a curl bar and 50 pounds of free weights.\n\u00a0\nThat was it.\u00a0Our entire fitness center.\u00a0It wasn't so much a case of that was all we wanted to bring, but more an issue of we didn't have room for anything else.\u00a0A real bench?\u00a0A bench bar? 45 lb. plates?\u00a0Where would we stow them (it's not like our tanks didn't look like gypsy wagons already, but weights and their accessories take up a LOT of space.\u00a0So we worked with what we had. - \n- \n- Fast-forward 17 years to today. Now I'm using the TRX suspension trainer.\u00a0 I admit it, I didn't know about this thing until I saw it on our website and my first impression was, \"damn, I wish we had one of those in '91.\"\u00a0Nonetheless I was intrigued enough that I actually got one, just to try it out. Bottom line up front, I'm impressed.\u00a0The TRX system is essentially a long strap with handles that you configure in a variety of positions to conduct your exercises.\u00a0The beauty of the TRX system is that you use your own body weight as the resistance force; there's literally no need for \"free\" weights since you're packing all the weight you'll ever need. In addition to the exercise strap, the TRX system comes with a demonstration video (DVD actually) a workout DVD, and a waterproof (i.e. sweat-proof) military oriented fitness guide. The strap even comes in a mesh bag that makes it easy to launder.\u00a0The demonstration video is a must see.\u00a0There are so many things you can do with the TRX that you will literally spend the first couple of hours (I did) learning how to actually get yourself into the required positions to do the drills.\u00a0Once you figure out the positioning though, the routines are a snap and, because you're using your own weight and body angle, it's easy enough to adjust in mid set (certainly much easier than swapping 45 lb. plates for 35 lb. plates on a bench.)\u00a0 The only limitation to the TRX system is that it requires an elevated attachment point.\u00a0This point can be a door (the system even comes with a placard you put on the other side of the door to warn folks you're using the door to exercise with so no one opens it and hurts you) a tree, a wall, a fence, a buried pipe, you name it.\u00a0 As long as you can hang the strap, you can get in a workout (a word of caution - on the cover of the force training DVD is a picture of a soldier using the TRX strap apparently suspended off the elevated gun tube of an M1 series tank (M1A1 I'm thinking...). DO NOT do this without permission of the tank commander.\u00a0As an old school TC (I'm still afraid of c-rat apricots) the only thing that ever touched my gun tube was the bore brush, the MBD, and the bore evacuator spanner wrench.\u00a0 If you want to do suspension exercises on a tank, put the turret over the side and do them off the bustle rack.) Now I take the TRX everywhere I go.\u00a0To the field, on vacation (worked great in Hawaii on a coconut palm until the damn coconuts started falling on me...) even on business trips (why waste time looking for a local gym when you've got one in your bag.)\u00a0Not bad for a personal gym that weighs 2 pounds and fits in a 1 gallon Ziploc bag.",
    "date": "July 1, 2014"
}