{
    "url": "https://www.military.com/daily-news/2019/02/26/purple-heart-recipients-will-move-front-line-va-claims-wilkie-says.html",
    "document_type": "NewsArticle",
    "title": "Purple Heart Recipients Will Move to Front of Line for VA Claims, Wilkie Says",
    "content": "recipients will take priority in the queue for claims adjudication, starting April 1, VA Secretary Robert Wilkie announced Tuesday. In a hearing before the House Appropriations Military Construction, Veterans Affairs and Related Agencies Subcommittee, Wilkie said veterans who have earned the Purple Heart will be placed \"at the front of the line when it comes to claims before the department.\" According to Wilkie, the change is in \"recognition of wounds taken in battle.\" He didn't provide details on how the change will be implemented but said it is among the many improvements the department is making as part of the claims and appeals modernization effort. The VA , with a goal of reducing the wait time for a final decision from three to seven years to roughly four months. The new process, created under the Appeals Modernization Act, gives veterans three choices for appealing their claim, including providing new evidence to the original reviewer; having a more senior adjudicator review the decision; and appealing to the Board of Veterans Appeals. Wilkie described the change as part of a 21st-century transformation at the department. The VA appeals backlog, which will be handled by the legacy system of appealing decisions to the board, stands at roughly 402,000 cases. The new system will not only be used for disability compensation claims decisions, it will tackle decisions on education and insurance applications, vocational rehabilitation, caregiver benefits and claims with the National Cemetery Administration, according to the VA.",
    "date": "February 26, 2019"
}