{
    "url": "https://www.military.com/daily-news/2015/08/04/official-not-ruling-out-charging-navy-man-who-fired-on-shooter.html",
    "document_type": "NewsArticle",
    "title": "Official: Not Ruling Out Charging Navy Officer Who Fired on Shooter",
    "content": "A official told Fox News that punishing a lieutenant commander who used an unauthorized weapon to fire back at the Chattanooga gunman who shot and killed five service members could not be \u201ccompletely ruled out,\u201d and two high-profile former military officers, including presidential candidate Jim Webb, say the Navy is at least seriously considering charging the man. The Navy said in a statement that it had not charged any service members with an offense at the present time. \u201cStories of Navy personnel being charged with an offense are not true,\u201d the statement said. \u201cThere is still a long way to go in reviewing the facts of this tragic incident, but at this time we can confirm no service member has been charged with an offense.\u201d Military personnel are not allowed to carry weapons inside military recruiting and reserve stations. That ban is now facing scrutiny following the July 16 rampage by an Islamic extremist that killed five military members in Tennessee. But the actions of Lt. Cmdr. Timothy White are also facing scrutiny, according to a series of tweets sent by Democratic presidential contender Webb, a former infantry officer and U.S. senator. \u201cNavy charging LCDR Tim White w/ a crime for trying to defend our sailors & Marines in #Chattanooga? He deserves a medal, not an indictment,\u201d Webb tweeted Saturday. He followed on Sunday with a pair of tweets that provided more detail. \u201cBefore tweeting last night, we confirmed with a defense official that the Navy was seriously considering charging LCDR Timothy White,\u201d one tweet said. \u201cThe charge being considered is illegally discharging a firearm on federal property. No on the record comment was offered,\u201d a second tweet said. Former Congressman and retired U.S. colonel Allen West was even more definitive in his assertions. \u201cLadies and gents, resulting from the text message I received yesterday, I can confirm that the United States Navy is bringing charges against Lt. Cmdr. Timothy White for illegally discharging a firearm on federal property,\u201d West wrote in a post on Saturday. A senior defense official told Fox News on Monday morning that it is \u201cextremely unlikely\u201d that White would be charged; however, a proper investigation into the events in Chattanooga needed to occur. \u201cEven if remote, is there a chance [White] contributed to the chaos and got people killed? Hurt police efforts?\u201d the official said. \u201cWe are exploring that.\u201d White and one of the Marines murdered in the attack on the Chattanooga military centers fired their weapons, according to a Navy Times report in July. White fired his sidearm at shooter Mohammed Abdulazeez during the attack, the Times reported, citing multiple military officials familiar with internal reports. The Washington Post first reported that a Marine had used his personal weapon during the shooting. Details about what weapon White used are unclear. It is not known who fired the shots that ultimately killed Abdulazeez.",
    "date": "August 4, 2015"
}