{
    "url": "https://www.military.com/military-fitness/running/triathlon-training",
    "document_type": "NewsArticle",
    "title": "Triathlon Training",
    "content": "Several times a month, I receive emails from people interested in competing in Triathlon events that consist of swimming, biking, and running. Usually, they are from athletes seeking to do the Iron Man Triathlon, but some are from folks who are trying to find a great way to break up the monotony of just running or swimming in order to get fit and lose weight. Consider the triathlon as the ultimate cross training routine. In fact, fewer tri-athletes get injured every year compared to those who only run for their cardiovascular exercise. The non-impact exercises of swimming and biking are the reason. However, you do have to be careful on the bike, as accidents on a bike going 15-20 miles per hour can put you out of commission. I am not a tri-athlete, but have trained with biking, swimming and running for over fifteen years. Here are some ideas to use if you are dabbling in a variety of training methods, but if you are looking for real Triathlon training, go to . He is a friend of mine who actually wins races and can help you get to that level.\u00a0In fact, he wrote a book about completing an Iron-Man Triathlon while working full time.\u00a0His book is called Sub-nine refers to completing an Iron Man in less than nine hours. That is impressive. He has done that and he has beaten cancer too. Many consider him the Lance Armstrong of Triathlon. Go to his site and find out more of this inspirational coach (former Naval Officer). Below is a sample triathlon workout I made for myself a few years ago when I was training with some Naval Academy Tri-athletes. If you are considering competing in a triathlon one day, you can use this type of training plan and adjust the distances as needed. Two distance freestyle swims of 2000m (500m hypoxic thrown in), plus one interval swim with timed paces and increasing speeds (see below) - 300m choice warmup \n- 4 x 50s one easy, one pace on 1:15 \n- 1 x 300m at 65% on 6:15 \n- 2 x 200m at 70% on 4:30 \n- 3 x 100m at 75% on 2:15 \n- 4 x 100m at 80% on 2:15 \n- 1 x 200 Pull breathe 3,5 by 50s \n- 3 x 100 take 4 breaths first 50, 5 the second 50 (Long smooth strokes). \n- 100 cooldown \n- total yards = 2400 Two short runs of 6 miles, plus one long run of 10 miles (Saturday) after a 20 mile bike (triathlon slang BRICK = Bike Run ICK, because they are hard and should be done at great intensity and timed). You want to do the BRICKs in Bike-Run order to get accustomed to the Bike-Run transition--Work on speed from Bike to Run as well. 2 SPIN classes (if available) and / 1-3 long bike ride 20 miles. Weights are swimming and bike specific. No leg PT is needed (yet) due to the SPIN classes and bike build up.Concentrate on arm strength for swimming and lower back strength for long bike rides. The workouts should go in the following order for the first month: - Lat Pulldowns - 3 x 15 \n- Rowing machine - 3 x 15 \n- Tricep Extensions - 2 x 15 \n- Tricep pushdowns - 2 x 15 \n- Bicep curls - 3 x 15 \n- Reverse Flies - 3 x 15 \n- Roman chair lower back extensions - 2 x 15 \n- Neck exercises (up,down,left,right) - 2 x 15 (do after abs) - Lateral raises - 10\n- Thumbs up lateral raises - 10 \n- Thumbs up/down lateral raises - 10\n- Front raises - 10\n- Cross overs - 10\n- Reverse flies - 10\n- Military press - 10 - Wide, Regular and Tricep pushups -- 20,20,20 \n- Abs of choice - 250 \n- Lowerback exercises - (swimmers 1:00 / R arm L leg lifts 1:00) \n- Pullups - pyramid set of pull-ups 1-10-1",
    "date": "July 1, 2014"
}