{
    "url": "https://www.military.com/education/gi-bill/the-new-gi-bill-who-gets-what.html",
    "document_type": "NewsArticle",
    "title": "The New GI Bill - Who Gets What?",
    "content": "The Post-9/11 GI Bill provides tuition and fees as well as cash payment for housing, books, and supplies. But are you eligible for everything? Figuring out what you\u2019re supposed to get can be confusing. In Part 2 of this series Terry Howell quickly walks you through the eligibility matrix and makes sure you don\u2019t leave money on the table. Post-9/11 Service Chart Qualification Chart",
    "date": "July 16, 2010"
}