{
    "url": "https://www.military.com/join-armed-forces/air-force-jrotc.html",
    "document_type": "NewsArticle",
    "title": "Air Force JROTC 'Accelerating Lives'",
    "content": "CORONADO, Calif. -- Helicopter Sea Combat Squadron (HSC) 3 \"Merlins\" guided 40 Junior students from Buena Park High School through an interactive tour of their squadron. During the tour, students learned about components of a Knighthawk helicopter and how it operates. \"The visit was a chance for the students to see a helicopter and better understand how aviation works,\" said retired Air Force Maj. George Shy, senior aerospace science instructor. \"Some of the students have also expressed an interest in joining the military, so I hope the visit furthers their interest.\" The cadets also had the chance to see flight survival gear, including a flame resistant flight suit, survival vest, helmet and other emergency equipment. \"Visiting the squadron was a great learning experience,\" JROTC cadet Tiffany Von Over said. \"Seeing the helicopter gave me a better visual and helped me understand what I learned in school.\" Another aspect of the tour exposed them to aviation operations, including the MH-60S's capabilities. The MH-60S is the primary helicopter used in HSC-3 training. HSC-3's missions are to meet the vertical replenishment, combat logistics, and search and rescue requirements of the . HSC-3 also trains pilots and air crew reporting to MH-60S squadrons worldwide. The cadets have visited several area Navy and Air Force bases. Shy said visiting a variety of military bases gives the students a better understanding of how the military operates and will help cadets see how everything fits into the Defense Department. \"The tour gives us the opportunity to show the students the inner workings of our jobs,\" said Cmdr. Spencer Crispell, executive officer of HSC-3. \"Hopefully, they saw something [on the tour] that peaked their interest to make them decide on a career in the military.\" We can put you in touch with recruiters from the different military branches. Learn about the benefits of serving your country, paying for school, military career paths, and more:\u00a0 and hear from a recruiter near you.",
    "date": "May 7, 2012"
}