{
    "url": "https://www.military.com/daily-news/2013/11/20/us-marines-scale-back-typhoon-relief-operations.html",
    "document_type": "NewsArticle",
    "title": "US Marines Scale Back Typhoon Relief Operations",
    "content": "VILLAMOR AIR BASE, Philippines -- The U.S. Marines are scaling back their relief efforts as roads in the areas hardest hit by Typhoon Haiyan are being cleared, allowing the Philippine military and aid groups to deliver supplies on their own. \u201cThe roads are open, the needs are going down, so we\u2019re meeting the needs of the people,\u201d said Lt. Col. Rodney Legowski, operations officer for the 3rd Marine Expeditionary Brigade at Villamor Air Base in Manila. \u201cAll the conditions appear to be that we\u2019re in a recovery.\u201d Some Marines could be redeployed from the Philippines as soon as Wednesday or Thursday, he said, and relief supply distribution is increasingly being assumed by nongovernmental organizations and the Philippine military. Planning is also underway to possibly transfer Tacloban\u2019s airfield to Japanese forces, and the city\u2019s water production plant is operating at 40 percent capacity with the ability to support 150,000 people, he said. On Tuesday, the military began to scale back its tilted and rotary-wing operations in the affected zones, he said. The \u201csurge\u201d of U.S. military assistance after the typhoon roared ashore Nov. 8 helped operations run smoothly, he said. \u201cI don\u2019t think anything has been extremely difficult because we got here really quickly and we got the authority from PACOM to send in sufficient forces really quickly,\u201d he said. The U.S. military is still sending supplies to the disaster zone from Villamor, a hub for the Marines\u2019 relief efforts, and ferrying planeloads of evacuees back to Manila. As of Tuesday, the latest day for which figures were available, U.S. aircraft, including C-17s, C-130s and Ospreys, had flown nearly 11,600 Haiyan survivors -- including 540 Americans and 301 third-country nationals -- out of the Tacloban area, Legowski said. The U.S. military\u2019s role ends when the evacuees land at Villamor and the Philippine government takes over their care, giving them food and medical care and taking them to a stadium for debriefing. Most evacuees leave Villamor for other destinations the same day. Legowski said local Philippine leaders had been remarkably efficient in distributing U.S.-delivered supplies on the ground and in caring for evacuees after their arrival at Villamor. \u201cThey\u2019re very organized,\u201d Legowski said. \u201cThis is one of the primary areas that gets hit by typhoons all the time, and their system is a model for the Pacific area of operations.\u201d",
    "date": "November 20, 2013"
}