{
    "url": "https://www.military.com/money/personal-finance/saving-and-investing-art-of-planting-seeds-financial-success.html",
    "document_type": "NewsArticle",
    "title": "Saving and Investing: The Art of Planting Seeds for Financial Success",
    "content": "On the hunt for kid friendly finance lessons? Even if you\u2019re not in search of supplemental learning activities now, these evergreen ideas are ready to pull off the shelf whenever you think it\u2019s feasible. Remember, you\u2019re planting seeds -- see how I tied that to my title? \u2014 for a successful financial future. Let\u2019s dig into saving and investing. With this lesson, you\u2019ll explore basic savings and investing techniques, along with the miracle that is the power of compounding. OK, it\u2019s a lot for one course, but the season of learning never ends. Start with classroom work focused on income -- and what happens to yours each month: housing, utilities, household expenses, transportation, and ultimately, the importance of carving out a slice for saving and investing. Don\u2019t forget to mention and share examples of how you make your saving automatic. This is a great follow-up to your budgeting exercise and a wonderful time to bring up the concept of an emergency fund. Hopefully, you can highlight the need with a real-life example of how having some cash set aside has kept you out of financial hot water. Then, demonstrate how your kids can divide their money into \u201cnow\u201d (charity/fun), \u201cnear-term\u201d (savings account) and \u201clater\u201d (investments) buckets of money. Encourage the later bucket by matching their contributions from allowance, gifts or work. We generated some enthusiasm for saving by matching all our kids\u2019 savings right up until they left the house. To help these principles stick, make it fun. Give them an imaginary $1,000, and let the games begin. Explain the basics of investments (stocks, bonds and cash). Remind them when you discuss investing, you\u2019re discussing the \u201clater\u201d bucket of money described above. You may do a little online research yourself, so it can be mutually beneficial. And no class on saving and investing would be complete without an in-depth study of compound returns. Again, there are plenty of online tools and calculators to help you illustrate how a little bit of savings can compound into a big strong tree! Through these discussions, I hope your children will start to form savings habits \u2014 as well as the understanding that there\u2019s beauty in treating yourself, stashing for tomorrow, and investing for the future, even at an early age. Play money or not, it\u2019s never too early to start learning about risk. Whether you're trying to balance your budget, build up your credit, select a good life insurance program or are gearing up for a home purchase, Military.com has you covered. and get the latest military benefit updates and tips delivered straight to your inbox.",
    "date": "August 20, 2020"
}