{
    "url": "https://www.military.com/daily-news/2021/05/24/nicest-ship-i-have-been-marine-colonel-sounds-off-british-aircraft-carrier.html",
    "document_type": "NewsArticle",
    "title": "'Nicest Ship I Have Been On': Marine Colonel Sounds Off on British Aircraft Carrier",
    "content": "A Marine detachment is officially underway on a British aircraft carrier for the first time ever, and their commander had high praise for the U.K.'s new warship. \"Don't tell anybody back home, but it is probably the nicest ship I have been on,\" Col. Simon Doran, the senior U.S. officer aboard the aircraft carrier Queen Elizabeth, on Saturday as the ship departed Portsmouth in southern England. The Marines joined the British crew for the unique mission, which also includes a U.S. destroyer and a Dutch frigate. Queen Elizabeth II\u00a0visited the carrier and met with members of its crew this weekend ahead of its maiden . The Marines will spend about seven months deployed on the Queen Elizabeth, operating in the Mediterranean Sea, Middle East and Asia-Pacific regions. The combination of 10 U.S. F-35Bs and eight from the U.K.'s No. 617 Squadron \"The Dambusters\" form what leaders have called \"the largest concentration of maritime and air power to leave the U.K. in a generation.\" Doran that the deployment has been in the works for more than a decade. \"It sends a message to potential adversaries, but also to our allies to reinforce should they ever be needed, we will be there,\" he said. Royal Navy Commodore Steve Moorhouse wrote in a message to the carrier strike group that the crews were ready to represent NATO \"on the global stage.\" \"Not everything will go to plan,\" Moorhouse said. \"It rarely does. But our individual and collective training to date has been preparation for this moment and through your skill and your commitment, you have what it takes to adapt and overcome.\" Doran told The News his Marines love the ship's flight deck and that his team would be taking lessons about the deployment back to the Corps. \"It's a very, very large flight deck, and it is enjoyable to operate from a ship that was designed from the ground up to operate the F-35,\" he said.",
    "date": "May 24, 2021"
}