{
    "url": "https://www.military.com/military-fitness/workouts/balancing-out-workout",
    "document_type": "NewsArticle",
    "title": "Balancing out a Workout",
    "content": "Having a musculoskeletal strength imbalance can cause injury and other complications in your performance athletically or on the job. Here is a question from an officer seeking to improve his performance, keeping balance in mind. In a nutshell, no, I would not worry about it too much, but it is something to consider on how you tackle the next few months of your workout. Depending on your athletic history, your push muscles could be stronger than your pull muscles. I know people who are just the opposite. A\u00a0buddy SEAL of mine who was a heavyweight crew captain could do pull-ups all day. In fact, at 230 pounds,\u00a0he still could do 30 pull-ups. However, he could not bench-press his body weight for one\u00a0rep,\u00a0so he had the opposite imbalance of the push/pull muscles. Dips are likely just easier for you than pull-ups. Typically, dip max rep sets will double pull-up max rep sets. One thing you can try is to mix in another push exercise like push-ups into the workout, and you might find that the numbers are closer to even. But you still should balance out the workout with a few more pulling exercise reps like dumbbell rows or machine pull-downs. The assist machines are great for getting in reps of pull-ups or dips when you cannot do them with 100% of your body weight. But as you lose body weight and you get stronger, the ability to do non-assisted pull-ups and dips will be created. If you think about the muscle groups you are using for both exercises, you use your chest, triceps\u00a0and shoulders mainly for your pushing exercises (dips, push-ups). For pulling exercises like pull-ups and pull-downs, it is mainly back, biceps\u00a0and some smaller rear shoulder muscles. These have the ability to be super strong\u00a0but are usually not due to lack of work or athletic history of use. This simple truth: If you do not practice pull-ups, you likely will not be able to do them,\u00a0especially if you are overweight. To work\u00a0push-pull muscles together in balance,\u00a0your workout so you complete sets or circuits that equal each other. I like to do a push-pull-leg-ab\u00a0exercise circuit with different exercises. For instance: 1 minute of each exercise Set #1:\u00a0Pull-downs, bench press, leg press, abs of choice Rest with 3-4 minutes of cardio Set #2:\u00a0Pull-ups, dips, squats, abs of choice Rest with 3-4 minutes of cardio Set #3:\u00a0Dumbbell bench press, dumbbell rows, wood-chopper squats, weighted abs of choice Rest with 3-4 minutes of cardio Set #4:\u00a0Lightweight shoulder workout and MJDB #2 See links for how to do the Set #4 workouts If you are a beginner, use an assist machine for the pull-ups and dips set and light weights for\u00a0the other exercises. If you are at the intermediate level, repeat Sets #1-4 a second time. If you are advanced, try a third round of above for a balanced workout. Whether you're thinking of joining the military, looking for fitness and basic training tips, or keeping up with military life and benefits, Military.com has you covered. to have military news, updates and resources delivered directly to your inbox.",
    "date": "July 1, 2014"
}