{
    "url": "https://www.military.com/daily-news/2019/10/08/air-force-f-16-crashes-germany-pilot-escapes-minor-injuries.html",
    "document_type": "NewsArticle",
    "title": "Air Force F-16 Crashes in Germany; Pilot Escapes with Minor Injuries",
    "content": "An assigned to crashed in Germany on Tuesday during a routine training flight, according to the . The pilot was able to eject and was rescued with minor injuries, the service said in a news release. Emergency services were on the scene, The single-engine fighter, belonging to the 480th Fighter Squadron, 52nd Fighter Wing, crashed around 3 p.m. local time in Zemmer, roughly six miles from the base, officials said. The incident is under investigation.",
    "date": "October 8, 2019"
}