{
    "url": "https://www.military.com/daily-news/2017/06/14/va-shelves-plan-cut-benefit-elderly-disabled-vets.html",
    "document_type": "NewsArticle",
    "title": "VA Shelves Plan to Cut Benefit for Elderly Disabled Vets",
    "content": "The on Wednesday shelved a proposal that would have cut the for elderly and disabled veterans. \"To withdraw this benefit from people who rely on that money would be very difficult to do,\" VA Secretary Dr. David Shulkin said at a Senate Veterans Affairs Committee hearing. Shulkin said that the proposal to cut IU came from an effort to make more efficient use of department funding, but it soon \"became clear that this would be hurting some veterans, and I'm really concerned about that. I'm not going to pursue policies that hurt veterans.\" The proposal to cut the benefit, which VA officials said averages about $1,600 a month, to about 330,000 veterans provoked furious opposition from those receiving it and from veterans service organizations. The American Legion applauded \"Secretary Shulkin's reversal on cutting funds\" for the benefit. \"Since the president's FY-18 Department of Veterans Affairs budget request was submitted, we have been inundated with calls by veterans and family members who expressed alarm over the proposed cuts to their benefits and livelihoods,\" Legion National Commander Charles E. Schmidt said in a statement. However, Carl Blake of the Paralyzed Veterans of America said he isn't sure that Shulkin has totally backed away from the IU cut proposal. He notes that the projected $3 billion in savings from the proposed IU cuts were slated to be used to expand the VA Choice program on private care. \"If we assume that's not going to happen,\" he said of the proposed IU cuts, \"that's $3 billion that has to be addressed. So where do we go from here?\" John Rowan, national president of Vietnam Veterans of America, called on members of Congress and the VA to join in a public announcement that the IU cut proposal has been scrapped and will not be revived. He said such a move is necessary to ease the concerns of elderly vets who fear they could lose their homes from the loss of income. \"They've been climbing the walls,\" he said. The veteran service organizations have been deluged with calls from IU recipients who urged them to fight the proposal. Carlos Fuentes, legislative director of the 1.7 million-member Veterans of Foreign Wars, said VFW members had sent 40,000 letters of protest to members of Congress. He called the IU proposal an effort to \"balance the budget on the backs of our nation's veterans.\" Members of Congress were apparently feeling the pressure. Earlier this week, a House Appropriations subcommittee began considering language on the VA budget but left the IU cut proposal out of the markup. On Monday, a letter from 57 members of Congress went to Shulkin urging him to kill the IU cut proposal, according to AMVETS. In a statement, AMVETS said the letter showed the organization was making progress in its efforts to kill the IU cuts that \"would leave hundreds of thousands of disabled senior citizen veterans destitute, desperate, and at increased risk of homelessness and suicide.\" The proposal in President Donald Trump's $186.5 billion VA budget for fiscal 2018, an increase of six percent, would have changed eligibility rules for the IU program. Under current rules, the IU program awards payouts at the 100 percent disabled rate to veterans who cannot find work due to service-connected injuries, even if their actual rating decision is less than that. The proposal would have cut off IU benefits once the veteran reached the eligibility age for Social Security. In defending the proposed IU cuts last month to Congress, Shulkin said that the move was a \"hard decision\" but added, \"I don't think we can continue to only expand services and not look at the ones we are delivering.\" The plan to cut financial support for aging and disabled vets triggered a flurry of emails to Military.com suggesting that there could be a political backlash for Trump if the cuts went ahead. \"Make that guy in the White House keep his promise to all of us veterans, lest we all fall by the wayside and be left on the battlefield,\" said a former staff sergeant who served in Vietnam. \"Please don't do this to us,\" said a sailor who served on ships in the Tonkin Gulf in Vietnam. \"My wife and I already live our later years in constant uncertainty. We thought our VA benefits were fairly safe.\" \"I have become aware that President Trump's VA budget sets to screw Vietnam veterans first in line by eliminating the unemployability benefit for those of us who actually served and sacrificed who have reached the age of Social Security benefits,\" said a former lieutenant who flew the EP-3E version of the P-3 Orion surveillance aircraft in Vietnam. \"What can we do? Based on this, veterans would be in better shape if a Democrat had been elected,\" said another vet. \"I voted for Trump because of promises of helping the veterans, not taking away. I surely hope I don't regret voting for him.\" -- Richard Sisk can be reached at .",
    "date": "June 14, 2017"
}