{
    "url": "https://www.military.com/military-fitness/ask-stew/ask-stew-mid-life-exercising-routine",
    "document_type": "NewsArticle",
    "title": "Ask Stew: Midlife Exercising Routine",
    "content": "Max, I have some great ideas for you to do at home with little to no equipment. It might be helpful to add a pull-up bar and dip bar to multiply the exercises you can do as you progress into tougher calisthenics. However, if you need to treat yourself like a beginner, consider this workout -- . I am not a fan of doing the same workout several times a week with no variety. Most of my workouts use the same exercises listed below with a different choreography every day. Maybe one day is a pyramid-type workout, with the next being a super set and another being a max repetition set workout. Some days are simple circuits, but yes, my answer would be to change it up each week. Here is something I like to do when limited to treadmills and dumbbells (and a place to do pull-ups): Jog/walk 25 meters (across yard, driveway, local field, park, basketball court) 1 push-up/1 half squat Jog 25 meters, two push-ups, two half squats Jog 25 meters, three push-ups, three half squats ... go up to 10/10 It also is fine to add in into the 25-meter sections in place of 25-meter jogs, too.\u00a0 Check out this Here is a full-body option workout. If you prefer to do upper body one day and the following day just do the leg exercises, that is fine to break it up into a split routine. If you are going to do a full-body workout, consider working all the joints that day. One way we do that is by using the push, pull, full, leg, core and cardio method. These circuits have all of these elements into them: 5 minutes jog or walk (or combination) Pull-ups 5 (or 2 flexed arm hangs) or replace with dumbbell rows or biceps curls 10 Push-ups 10-20: Put your knees on the ground, if needed. Plank pose 1 minute: Use knees on the ground, if needed. Half squats 10: Depending on your knees, you can go down halfway or hold on to something so your knees take less strain from your full body weight. Dips 10: Do using a chair if there are no parallel bars. Walk up/down flight of stairs 5 times: If your knees hurt doing this, walk or bike. Crunches 20 Reverse crunches 20 Lunges 10/leg MJDB#2: 10 Dumbbell rows 10/arm Dumbbell military press 10 Dumbbell biceps curls 10 Dumbbell triceps extension 10 : Keep the shoulders strong but durable by using this workout and the following stretching routine in the link. There are some helpful tips to avoid serious shoulder injury, too.\u00a0 However, these are my favorite calisthenics-type workouts. (PT pyramid, super set, others) If you need to look up these exercises, see them on my is a pretty tough intermediate to advanced level of workout program that mixes calisthenics, dumbbells and cardio options, mixed with recovery programming for the athlete over 40 years old. Good luck. Whether you're thinking of joining the military, looking for fitness and basic training tips, or keeping up with military life and benefits, Military.com has you covered.\u00a0 to have military news, updates and resources delivered directly to your inbox.",
    "date": "September 27, 2017"
}