{
    "url": "https://www.military.com/daily-news/2014/10/28/navy-physician-provides-ebola-treatment-expertise-to-dod-team.html",
    "document_type": "NewsArticle",
    "title": "Navy Physician Provides Ebola Treatment Expertise to DoD Team",
    "content": "JOINT BASE SAN ANTONIO-FORT SAM HOUSTON \u2013 The Defense Department\u2019s unprecedented mission of establishing a 30-member team to rapidly and effectively respond to any potential Ebola virus outbreak in the U.S. has brought some of the U.S. military health system\u2019s best medical professionals together. One member of the joint team brings real-world experience treating Ebola patients to the DoD training course that will assist in advancing the group\u2019s proficiency. Cmdr. (Dr.) James Lawler, chief of the clinical research department of the bio-defense research directorate, Naval Medical Research Center, , Maryland, discussed his role on the DoD team serving as a subject-matter expert on Ebola treatment. \u201cI\u2019ve had the opportunity to work in a couple of isolation treatment units in sub-Saharan Africa,\u201d he said, \u201cand recently, in May, I was at the Ebola treatment unit in Conakry, Guinea, as a consultant for the World Health Organization. He also worked with the local health ministry and with Doctors Without Borders, which runs the Ebola treatment unit in Conakry. Lawler, an 18-year Navy veteran, said he thinks the treatment of Ebola has \u201cevolved significantly\u201d due to the outbreak in West Africa. \u201cWe\u2019re really rewriting the textbook on Ebola virus disease, because we\u2019ve seen so many more cases in this outbreak,\u201d he said. \u201cI think we\u2019ve tried to capture a lot of the lessons that have been learned from West Africa, and also from the repatriated patients who have been treated here in the United States. We\u2019ve learned a lot about effective treatment and how important aggressive supportive care can be, and we\u2019ve tried to impart those lessons to the team here.\u201d One characteristic of Ebola, he said, has been recognized more widely now for contributing to the mortality and morbidity of the disease: diarrhea and the incredible amount of fluid loss and associated electrolyte abnormalities that come with the disease. \u201cI think being more aggressive in treating those features of the disease has been an advance that this outbreak has precipitated,\u201d Lawler said. \u201cAnd I think that there\u2019s a better appreciation that aggressive supportive care can make a significant difference in outcome.\u201d During the DoD training the 30-member team has undergone, Lawler said, the focus has centered on appropriate infection prevention and control in isolation units -- how to set up an isolation unit appropriately, how to use the personal protective equipment, and how to integrate the appropriate infection control procedures into daily clinical practice. The team\u2019s make-up \u2014 10 critical care nurses; 10 noncritical care in-patient nurses; five physicians with infectious disease, internal medicine and critical care experience; and five members trained in infection control specialties \u2014 is essential to its success, Lawler said. \u201cTheir complex patients require a significant amount of care,\u201d he added, \u201cand as part of the team we have a core of critical care nurses who are really the most important part of the team.\u201d That intensive nursing, Lawler said, makes the biggest difference in patient outcome, and all of those disciplines are important to managing patients. \u201cWe also have some other folks who specialize in things like industrial hygiene and environmental health [who] can help with some of the other aspects of setting up a patient care unit that are important,\u201d he said. The infection prevention control practices the team is training on will work if they\u2019re done effectively, Lawler said. \u201cIt\u2019s important to really rely on your training and to remain focused and deliberate when you\u2019re working in a unit,\u201d he said. \u201cErrors usually come when people get sloppy; when they get tired [and] careless. We really focus on preventing that.\u201d Additionally, Lawler said, there is \u201cabsolutely\u201d a benefit to having a team available for any infectious disease contingency, because Ebola is not the only worry. \u201cThere\u2019s [Middle East respiratory syndrome] Coronavirus that\u2019s out there in the Middle East right now,\u201d Lawler explained. \u201cWe\u2019ve already had experience with [severe acute respiratory syndrome] [and] with pandemic influenza, so the threat of emerging disease and pandemic disease is always out there.\u201d Lawler expressed confidence in the team\u2019s training and said he believes it\u2019s ready to \u201cdeliver good care, and to do it safely.\u201d \u201cI feel very comfortable that our training has prepared the team to deliver care effectively and safely,\u201d he said. \u201cIf the event ever happens [where] the team gets called up, hopefully, other people [outside DoD] have the same confidence that I do that the team is ready to go.\u201d Lawler said the nation always turns to the military in difficult times, and it is up to the DoD team to ensure it lives up to that trust. \u201cI think, in general, doing good patient care in difficult situations is what the military medical system always does,\u201d he said. \u201cThat mission is not unfamiliar to us, and we\u2019re ready to go if the call comes around for this particular instance.\u201d",
    "date": "October 28, 2014"
}