{
    "url": "https://www.military.com/defensetech/2007/05/18/dragon-skin-debate-heats-up",
    "document_type": "NewsArticle",
    "title": "Dragon Skin Debate Heats Up",
    "content": "Many of you may have heard or seen the coming out of NBCs investigative unit on Dragon Skin body armor. and other Dragon Skin have already begun dancing in the end-zone on this. But as many DT readers already know, the field of ballistic protection is not a simple one. Theres a lot more to this story than meets the eye. Fortunately, weve got it. But under ground rules, we have been embargoed from publishing information that would and in some cases already has force Dragon Skins vocal backers to scratch their heads and wonder whether the miracle armor is all its cracked up to be. Were working hard to lift the embargo so DT can get the facts from all sides of this debate in front of our informed readers. As soon as we can, youll see it. Stay tuned, folks. Theres more on the way. --",
    "date": "May 18, 2007"
}