{
    "url": "https://www.military.com/defensetech/2017/11/17/no-shouldnt-buy-anti-radiation-meds-alaska-emergency-officials",
    "document_type": "NewsArticle",
    "title": "No, You Shouldn\u2019t Buy Anti-Radiation Meds: Alaska Emergency Officials",
    "content": "PALMER, Alaska \u2014 Reports that experts here want residents to purchase anti-radiation medication are completely untrue, officials with Alaska\u2019s emergency management office said Thursday. A recent news story quoted Jeremy Zidek, an agency spokesman, as advising residents to buy Prussian Blue, a type of medication used to treat certain types of radiation poisoning, as part of their personal emergency response preparations. But Bryan Fisher, the agency\u2019s chief of operations, said Zidek\u2019s interview was incorrectly reported by the U.K.-based\u00a0 \u00a0which has since edited the article to remove the reference to the medication. What hasn\u2019t been edited, however, is the article as posted to a variety of other websites, including the\u00a0 . Alaska is more closely tied to actions in North Korea than many residents realize. It could be within missile shot of a weapon launched from North Korea, and Fort Greely, located in the state\u2019s interior, is home to a complex U.S. missile defense system. And a national tsunami warning center located here is the\u00a0 \u00a0when an underground nuclear test is conducted thanks to its collection of high-tech seismic monitors. \u00a0 Yet the state does not have an emergency plan specifically to address a nuclear strike, and does not plan to develop one, Fisher said. Instead, officials continue to tell residents to develop a plan that can be used in any type of emergency situation. \u201cOur message is, really, if you\u2019re concerned about everything that is in the international media, you should also be prepared for the snow we got today, just like you should be prepared for an earthquake, or a nuclear attack, or an oil spill, or something like that,\u201d he said. And even if state officials were developing a plan specifically to address a nuclear threat, Fisher said his organization would never recommend Prussian Blue. \u201cThat particular brand of anti-radiation medicine is really not for a nuclear blast or a nuclear weapon,\u201d he said. \u201cIt\u2019s not really a countermeasure to a nuclear weapon \u2026 so we would not have said that.\u201d",
    "date": "November 17, 2017"
}