{
    "url": "https://www.military.com/daily-news/2018/09/27/combat-debut-marines-f-35b-strikes-taliban-target-afghanistan.html",
    "document_type": "NewsArticle",
    "title": "Combat Debut: Marines' F-35B Strikes Taliban Target in Afghanistan",
    "content": "The U.S. ' made its combat debut this week, conducting its first strike in Afghanistan, a U.S. defense official confirmed to Military.com on Thursday. The B-variant of the stealth fighter flew Sept. 27 from the , which was last known to be operating in the Gulf of Aden, off the coast of Yemen, as of Sept. 23. the strike operation. Marines and sailors with the Essex Amphibious Ready Group and the 13th Marine Expeditionary Unit readied the munitions and conducted flight deck operations in support of the fighter's first combat strike, the said in a release Thursday. The target was a \"fixed Taliban\" location, according to CNN. Neither the number of aircraft nor the type of munitions used in the strike were disclosed. Requests to U.S. Naval Forces Central Command and the Essex were not returned by press time. In May, officials announced that the F-35 had after Israel's variant conducted strikes earlier this year. Israeli Air Force commander Maj. Gen. Amikam Norkin said that the Israeli F-35 aircraft, known as Adir, had \"attacked twice in the Middle East using the F-35.\" \"We are the first in the world to do so,\" Norkin said at the time, without disclosing the exact date the strikes took place. In March, the Lockheed Martin-made F-35B aboard a Navy Amphibious Ready Group for operational exercises in the Pacific, a historic milestone for the jet. The Essex is part of the second deployment including F-35Bs, which departed , Virginia, in July, bound for the Middle East. The Marine Corps first forward-based a squadron of F-35Bs to , Japan, in 2017, bombers and Japanese and South Korean F-15 fighters in a show of force to North Korea that August. The F-35B was the first of the U.S. military\u2019s three F-35 variants to reach initial operational in 2015. This week's strike follows a similar operation in November in which a pair of U.S. Air Force fifth-generation jets took out a Taliban drug lab. On Nov. 19, 2017, the F-22s conducted to pummel suspected drug labs in Afghanistan with small-diameter bombs. Some criticized the use of the high-end fighter for the role, but ground commanders and Air Force counterparts applauded the move at the time. Since then, leaders such as Air Force Secretary Heather Wilson said the Raptor's use in such a mission was not justified. \"We should not be using an F-22 to destroy a narcotics factory,\" she said in June, on the topic. Related Video:",
    "date": "September 27, 2018"
}