{
    "url": "https://www.military.com/daily-news/2013/08/20/va-critics-keep-up-pressure-as-backlog-falls.html",
    "document_type": "NewsArticle",
    "title": "VA Critics Keep Up Pressure as Backlog Falls",
    "content": "WASHINGTON \u2014 Critics of the Department of Veterans Affairs will culminate a four-month petition drive Tuesday by demanding the president take immediate action to end the million-veteran disability claims backlog.\n\u00a0\nThe problem? The backlog is already under 500,000 cases, and has been falling fast since the drive began.\n\u00a0\nSupporters of the VA have dismissed the petition, organized by the conservative Concerned Veterans for America, as little more than a political stunt. But organizers insist their concerns about the still massive benefits backlog are still relevant, and the VA\u2019s recent progress is no guarantee of future success.\n\u00a0\n\u201cThere is still a lot of question about how they reduced those numbers,\u201d said Pete Hegseth, CEO of the group. \u201cAnd the problem is clearly not gone, so we have to keep focus on it.\u201d\n\u00a0\nThe backlog \u2014 the number of claims that have taken more than 125 days to process \u2014 never totaled 1 million veterans. It peaked this year, in March, at around 608,000 cases.\n\u00a0\n But that\u2019s four times more than in late 2009 \u2014 just a few months after Obama administration officials first vowed to end the problem \u2014 when the figure hovered around 150,000.\n\u00a0\nVA officials have blamed the steady growth of the backlog on dramatic increases in the claims filed by veterans, a decision to open tens of thousands of new cases for illnesses related to Agent Orange exposure, and antiquated paper-processing systems that have taken years to update.\n\u00a0\nFor months, the department has been hammered by advocates, lawmakers and veterans for the problem. CVA and others have called for VA Secretary Eric Shinseki to resign, dismissing the explanations for the increase.\n\u00a0\nBut the department reports it has made significant progress since that March peak, dropping the backlog to about 489,000 \u2014 almost 20 percent \u2014 as of last week. In June, raters finished all claims pending for more than two years, and officials insist they\u2019re on pace to eliminate the backlog in 2015.\n\u00a0\n\u201cWe\u2019re turning the tide,\u201d President Barack Obama told the Disabled American Veterans convention earlier this month. \u201cAnd we\u2019re not going to let up until we eliminate the backlog once and for all.\u201d\n\u00a0\nThe recent progress is in part a result of the department\u2019s new Veterans Benefits Management System \u2014 a paperless ratings software \u2014 and increased use of the Fully Developed Claims process, which ensures veterans have all relevant paperwork ready before starting their case.\n\u00a0\nBut Hegseth notes that the department also hired new raters, instituted mandatory overtime this spring, and started issuing partial decisions on more complex cases to help pull down the numbers. He questions whether those changes are sustainable, systemic improvements, or whether the moves will provide only temporary relief.\n\u00a0\nVA officials would not directly respond to CVA\u2019s comments, but in a statement said they are confident in the plans.\n\u00a0\n\u201cThe claims backlog is a decades-old problem, and fixing the outdated and paper-intensive claims system is an extraordinarily complex task,\u201d the VA said. \u201cWhile we have much more work to do, we are making progress, and we expect that progress to continue.\u201d\n\u00a0\nIf VA raters can keep up the processing pace of the last five months, the backlog would hit zero by early summer 2015.\n\u00a0\nBut mandatory overtime for claims workers ends in October, and some employees have voiced concerns about how difficult it might be to migrate older cases into the new software systems. CVA officials still believe Shinseki should resign.\n\u00a0\nOther veterans groups have praised the secretary\u2019s efforts, and said they are cautiously optimistic about the end of the backlog.\n\u00a0\n\u201cWe like what we\u2019ve seen so far,\u201d said Rich Dumancas, deputy director of claims at the American Legion. \u201cWe\u2019re seeing some of the (Fully Developed Claims) going through in under 90 days. That will make a huge difference.\u201d\n\u00a0\nThe Legion has been a partner with VA on the FDC process since last year. Dumancas thinks the majority of future claims from disabled veterans can be submitted that way, which would mean to easier processing of those cases and quicker end dates across the board.\n\u00a0\nEarlier this month, VA began awarding one year of retroactive benefits to veterans filing FDCs, an incentive worth potentially tens of thousands of dollars in extra payouts. Officials said they expect that to boost the FDC case numbers, and in turn help continue the backlog reduction.\n\u00a0\nHegseth said he hopes that works, and admits that the progress over the last few months has been laudable. He just isn\u2019t convinced the pace can continue.\n\u00a0\n\u201cThis is not a problem solved,\u201d he said. \u201cWe\u2019re glad to see it go down. When you demand reform, things do happen. So we want to keep pressure on this.\u201d",
    "date": "August 20, 2013"
}