{
    "url": "https://www.military.com/daily-news/2015/06/17/navy-looks-requiring-high-level-ok-separate-transgender-troops.html",
    "document_type": "NewsArticle",
    "title": "Navy Looks at Requiring High-Level OK to Separate Transgender Troops",
    "content": "The may soon join the and the in requiring high-level approval to separate transgender service members from the military, military officials said Tuesday. \"As previously stated, the Navy is looking to elevate the administrative separation authority for transgendered personnel to ensure that this important issue receives the right level of review,\" Navy spokesman Lt. Cmdr. Ed Early said in a statement Tuesday. \"Any proposed changes would not affect the level of discharge authority for other instances of administrative separation.\" There is no timeline for a decision, Early added. If the Navy takes such a step, it would leave the as the only service to not change its policy. \"The Marine Corps is not currently reviewing changes to the decision-making authorities for the involuntary separation of any of our Marines,\" according to a statement in response to a Stars and Stripes query. The military formerly mandated administrative separation for service members known to be transgender, until changes to Pentagon personnel regulations in 2014 granted the services leeway. In March, the Army announced that transgender separations must now be approved by the Assistant Secretary of the Army for Manpower and Reserve Affairs, as opposed to unit commanders. Army regulations still allow separation of transgender soldiers if it is found that they have physical or mental conditions \"that potentially interfere with assignment to or performance of military duty.\" The Air Force Review Boards Agency was announced as the on June 4. \"Neither gender dysphoria nor self-identification as transgender is an automatic circumstance that generates involuntary separation,\" according to the Air Force statement. \"A recommendation for discharge because of gender dysphoria must be supported by a report of evaluation by a psychiatrist or Ph.D.-level clinical psychologist.\" After a medical recommendation is made, a commander must also then determine that the condition interferes with duty requirements, according to the Air Force statement.",
    "date": "June 17, 2015"
}