{
    "url": "https://www.military.com/daily-news/2021/09/24/dod-inspector-general-launches-investigation-kabul-drone-strike-killed-10-civilians.html",
    "document_type": "NewsArticle",
    "title": "DoD Inspector General Launches Investigation into Kabul Drone Strike that Killed 10 Civilians",
    "content": "WASHINGTON -- The Defense Department's inspector general has launched a new investigation into the U.S. drone strike in Kabul last month that killed 10 civilians, including seven children, defense officials announced Friday. The review, which is separate from one underway by the ordered last week by Defense Secretary Lloyd Austin, will determine whether the strike \"was conducted in accordance with DOD policies and procedures,\" according to the announcement. \"Specifically, we will review the pre-strike targeting process, the damage assessment and civilian casualty review and reporting process, and the post-strike reporting of information.\" The strike on Aug. 29 was the last known U.S. airstrike in Afghanistan before the last American troops left Kabul just before midnight Aug. 31. Defense officials originally said it had disrupted an imminent suicide attack against Hamid Karzai International Airport, where 13 U.S. service members were killed in an ISIS attack three days earlier as they helped evacuate Americans and their allies from the country after the Taliban takeover Aug. 15. Military leaders had earlier claimed the strike killed an Islamic State fighter, but an investigation by U.S. Central Command last week revealed civilians were the only casualties in the attack. The latest evaluation will be conducted with CENTCOM and U.S. Special Operations Command, but \"additional organizations and locations\" could be tapped to join as the investigation unfolds, according to the announcement. Last week, Gen. , commander of CENTCOM, called the Reaper drone strike \"a tragic mistake.\" \"I offer my sincere apology. As the combatant commander, I am fully responsible for this strike in this tragic outcome,\" McKenzie said. was announced Monday, when chief Pentagon spokesman John Kirby said Austin had ordered a review of the CENTCOM investigation that determined the strike had killed civilians. Lt. Gen. Sami Said, the Air Force inspector general, is leading that review. Said's investigation will \"study the degree to which any policies, procedures, or targeting mechanisms may need to be altered going forward, if any\" and \"what levels of accountability might be appropriate,\" Kirby said.",
    "date": "September 24, 2021"
}