{
    "url": "https://www.military.com/daily-news/2018/11/14/defense-secretary-mattis-visits-military-troops-deployed-border.html",
    "document_type": "NewsArticle",
    "title": "Defense Secretary Mattis Visits Military Troops Deployed to Border",
    "content": "Defense Secretary Jim Mattis arrived in Texas on Wednesday and\u00a0visited\u00a0troops deployed to the border. Mattis is spending\u00a0about an hour with active-duty soldiers in Donna, Texas who are living in what some have called substandard living conditions. Unlike a overseas, these 5,900 troops are not getting combat .\u00a0Their living conditions are Spartan -- most are living in tents and eating pre-packaged MREs, even though fast food and grocery stores are nearby. Mattis called the deployment legal and justified, and said it was necessary to make sure the U.S. border with Mexico was properly secure. On Wednesday, outgoing Sen. Jeff Flake, R-Ariz. called the deployment of thousands of active-duty troops to the border a \"stunt.\" \"I think it's unfortunate that we have the soldiers [deployed to the border],\" Flake told MSNBC. \"You can't call it anything but a stunt here, and it's unfortunate that they're going to be away from family during the holidays coming up, and we just don't know what really for.\" Flake said the work at the border should be handled by civilians -- not military personnel. \"We shouldn't be doing this,\" Flake said, \"and this wasn't an issue that Congress was involved in, it was an executive decision.\" The Pentagon has been unwilling to answer questions about how much this deployment will cost. Unlike the past, the Department of Homeland Security will not be paying for it. The Pentagon will. Early estimates point to a $200 million bill, which some worry will mean less money to fix planes and maintain equipment. \"We'll update you on costs as they become known,\" Mattis said. \"Obviously, the units executing the border mission have got to report them right up here.\u00a0We are capturing the costs.\" At first, the name of the mission was made very public, \"Operation Faithful Patriot.\"\u00a0 But since the election, the message from top brass has been to drop the name and tell the public the U.S. military is supporting the Border Patrol. The president mentioned the migrant caravan heading to the southern border many times ahead of the midterm elections, but has not mentioned it much since. It's still not clear why the Pentagon took the unusual step of deploying active-duty forces and not the , as it has done in the past. Five of the 39 units deployed to the border are public affairs units -- suggesting the Pentagon knows this is more about messaging than reinforcing the border. The orders signed by Mattis stand to expire on December 15, indicating the troops could be home by Christmas. Mattis said the Military Police are the only military personnel who will provide force protection for those service members supporting the mission at the border. He said the service members are only there in an engineering capacity and will be laying out barbed-wire fences. \"The troops doing that obviously are not armed,\" Mattis said, \"they don't need their weapons.\"",
    "date": "November 14, 2018"
}