{
    "url": "https://www.military.com/daily-news/2014/05/01/congress-debates-armys-balancing-act.html",
    "document_type": "NewsArticle",
    "title": "Congress Debates Army's Balancing Act",
    "content": "WASHINGTON \u2014 Senators on Wednesday urged Army leaders to take another look at pending cuts to National Guard and Army reserve end strengths, and questioned plans to overhaul the service\u2019s aviation program. Guard and reserve units are cheaper than active units and ought to be protected in a time of falling defense budgets, Sen. Susan Collins, R-Maine, said at a hearing of the Senate Appropriations defense subcommittee. \u201cAs the military resizes following more than a decade of war, I believe the Department of Defense should place greater reliance on the more cost-effective reserve and National Guard components, not less,\u201d she said. \u201cWe must make certain that we retain the important capabilities that the Guard represents.\u201d But the Army in fact plans to \u201cdisproportionately reduce our active forces\u201d in favor of the Guard and Reserve, Army Chief of Staff Gen. Ray Odierno told legislators. By 2017, those components combined are set to surpass the active component in end strength \u2014 something that won\u2019t be the case in any of the other services, he said. According to President Obama\u2019s proposed 2015 defense budget, active Army end strength will drop from nearly 520,000 to about 450,000 at the end of 2017. The Guard meanwhile shrinks from 355,000 to 335,000, and the Army Reserve would drop from 205,000 to 195,000. But Odierno warned that if sequestration returns in 2016 after two years of relative reprieve thanks to a bipartisan budget deal, the active Army would draw down to 420,000. The Guard would shrink to 315,000 and the Reserve to 185,000, Odierno told senators. Such levels, he said, would prevent the Army from fulfilling the national defense strategy. Another proposal that has drawn criticism from state and federal politicians alike is a plan to remake Army aviation. AH-64 Apache attack helicopters would be pulled from guard squadrons and given to the active Army, which plans to get rid of hundreds of OH-58 Kiowa multiuse helicopters and transfer more than 100 UH-60 Blackhawks to the Guard. The change, the Army says, would save some $12 billion in coming years and make Apaches more available to send quickly into battle. At the same time, Secretary of the Army John McHugh said Wednesday, it gives Guard units more ability to conduct disaster-relief and other operations in the United States. \u201cWe know this is controversial, but we have no choice,\u201d McHugh said. \u201cThe money is gone.\u201d But Subcommittee chairman Sen. Richard Durbin, D-Ill., cited a study suggesting the cost of a National Guard Apache squadron was only 42 percent of that of an active duty squadron. It\u2019s because they\u2019re often at a lower state of readiness, with soldiers working civilian jobs, McHugh said. In Iraq and Afghanistan, active Apache squadrons deployed four or more times, while guard squadrons deployed an average of twice, he said.",
    "date": "May 1, 2014"
}