{
    "url": "https://www.military.com/daily-news/2015/11/11/senate-backs-letting-va-doctors-recommend-medical-marijuana-vets.html",
    "document_type": "NewsArticle",
    "title": "Senate Backs Letting VA Doctors Recommend Medical Marijuana to Vets",
    "content": "Legislation passed Tuesday by the Senate includes a provision that would allow VA doctors to recommend medical marijuana to patients in states where it is legal. Some veterans groups have pressed Congress for years to allow the drug for patients suffering from . The so-called Veterans Equal Access Amendment would do so and was sponsored by Sens. Steve Daines, R-Montana, and Jeff Merkley, D-Oregon. In a statement, Daines noted that the provision \"does not change current laws preventing the possession or dispensing of marijuana on VA property, but simply allows to discuss all options that are legally available in their state with their VA doctor.\" Michael Collins, deputy director of national affairs for the Drug Policy Alliance, welcomed the move. \"Veterans in medical marijuana states should be treated the same as any other resident, and should be able to discuss marijuana with their doctor,\" he said. \"It makes no sense that a veteran can\u2019t use medical marijuana if it helps them and it is legal in their state.\" The provision was inserted into the Military and Veterans Construction bill, which the upper chamber unanimously passed. Similar language was included in legislation introduced in the House of Representatives in February by Rep. Earl Blumenauer, D-Oregon, but it has stalled in committee. The VA concedes that some veterans use medical marijuana to relieve PTSD symptoms but questions its effectiveness and suggests the practice might actually be harmful. \"Controlled studies have not been conducted to evaluate the safety or effectiveness of medical marijuana for PTSD,\" states a report by Marcel O. Bonn-Miller, Ph.D. and Glenna S. Rousseau, Ph.D. \"Thus, there is no evidence at this time that marijuana is an effective treatment for PTSD. In fact, research suggests that marijuana can be harmful to individuals with PTSD.\" The federal government last year approved a study on medical marijuana to be conducted by the Multidisciplinary Association for Psychedelic Studies, a California-based nonprofit research center. over the supply of approved marijuana and a change in testing sites, MAPS spokesman Brad Burge told Military.com in April.",
    "date": "November 11, 2015"
}