{
    "url": "https://www.military.com/daily-news/2017/01/11/the-most-talked-about-stories-this-week-on-militarycom.html",
    "document_type": "NewsArticle",
    "title": "The Most Talked About Stories This Week on Military.com",
    "content": "Here are the stories generating the most comments this week on Military.com, along with a sampling of responses edited for clarity: \"Stealth Technology will not last forever. Some form of radar-like application will be developed and stealth will be useless. For example, don't look for the plane; look for its wake in the disturbed air behind it.\" -- \"Simulated dogfighting, not real combat. After 15 years, why isn't it capable enough to deploy? I don't see a combat plane, it's still a test plane.\" -- \"Iranian boats should not get any closer than one mile from any U.S. ship. Stop with the ... flares and use real ammo like a 5-inch shell!\" -- \"This sort of thing was happening 30 years ago.\" -- \"Have to say that in any other democracy a report by its intelligence community that its elections had been interfered with by Russia would result in utter outrage -- and frankly -- the ordering of new elections. To see it instead treated as a purely political issue and one that is meekly accepted is disturbing.\" -- \"1. There is virtually always a foreign influence, the US does it all the time as well; 2. There is always foreign influence on both sides, see how much foreign donations Clinton has; 3. If both sides have foreign influence, and foreign influence gets another election cycle, you never end the cycle.\" -- \"I'm a retired Air Force intelligence officer with graduate education in psychology from Harvard. PTSD doesn't cause someone to commit mass murder. This guy had symptoms of psychosis, including auditory hallucinations and delusions. These psychotic symptoms are NOT symptoms associated with PTSD, they're associated with disorders in the schizophrenic spectrum and severe bipolar disorder.\" -- \"About a year ago a B-52 at Barksdale Air Force Base, Louisiana, caught fire on the ground. The aircraft was damaged beyond economic repair. Minot AFB, North Dakota, sent one of its aircraft to bring Barksdale up to required level. Minot then had a B-52 in the \"Boneyard\" at Davis-Monthan Air Force Base in Tucson, Arizona, (for the last four years) activated and brought to Minot. The aircraft is now flying missions and by the way is '57' years young.\" -- \"The other interesting part was they 'dispatched a UH-1N Huey helicopter' ... says a whole lot about what our 'Global Strike' capability has become since [Strategic Air Command] was put down.\" -- -- Brendan McGarry can be reached at . Follow him on Twitter at .",
    "date": "January 11, 2017"
}